{
  "experiment": "2d",
  "seed": 9,
  "conditions": {
    "PD": {
      "static_mae_mrad": 160.48975443035005,
      "peak_err_rad": 1.0109409266192446,
      "recovery_time_s": null
    },
    "PD+CfC": {
      "static_mae_mrad": 115.11546265237672,
      "peak_err_rad": 0.7169147274293024,
      "recovery_time_s": 0.04199999999977688
    },
    "Full": {
      "static_mae_mrad": 110.60431414111949,
      "peak_err_rad": 0.8714484826591185,
      "recovery_time_s": 0.6079999999997145
    }
  }
}