{
  "experiment": "2c",
  "seed": 8,
  "sweep_name": "condition_sweep_2c/tau_020",
  "sim_duration_s": 9.0,
  "load_time_s": 3.0,
  "load_joint": 1,
  "load_torque_nm": -25.0,
  "endpoint_joint": 1,
  "cpg_amplitude": 0.3,
  "cpg_tau": 0.2,
  "conditions": {
    "CPG+CfC": {
      "ep_err_pre_mrad": 205.2849305174656,
      "ep_err_post_mrad": 471.0823757169997,
      "mae_post_mrad": 154.894257775823,
      "recovery_time_s": 1.5779999999997179
    },
    "CPG+CfC+LIF_FB": {
      "ep_err_pre_mrad": 169.06293994015198,
      "ep_err_post_mrad": 416.174432667187,
      "mae_post_mrad": 133.24271244926362,
      "recovery_time_s": 0.06599999999988393
    }
  }
}