{
  "experiment": "e5",
  "seed": 8,
  "sweep_name": "sweep11",
  "results": {
    "D0": {
      "E5-PD": {
        "mae_mrad": 160.68026787627625,
        "mae_post_mrad": 751.1352769513139,
        "peak_err_rad": 1.0195787591334247,
        "recovery_time_s": null,
        "energy_J": 9350.718596031631,
        "energy_post_J": 5101.8753647531885,
        "jerk": 55301088283819.266,
        "jerk_post": 25981670912707.71,
        "cc_ratio": 0.0
      },
      "E5-E3": {
        "mae_mrad": 156.02052398434483,
        "mae_post_mrad": 732.3475753026278,
        "peak_err_rad": 0.9257634880222907,
        "recovery_time_s": null,
        "energy_J": 9405.473220525668,
        "energy_post_J": 5508.803602701193,
        "jerk": 55317264191591.516,
        "jerk_post": 25984350029883.76,
        "cc_ratio": 0.36212923575866945
      },
      "E5-MCA": {
        "mae_mrad": 156.0888549391127,
        "mae_post_mrad": 726.844926761444,
        "peak_err_rad": 0.9846128349458512,
        "recovery_time_s": null,
        "energy_J": 9253.193940104915,
        "energy_post_J": 5069.0266050984565,
        "jerk": 55303935590829.97,
        "jerk_post": 25982357657416.496,
        "cc_ratio": 0.337303591578629
      },
      "E5-full": {
        "mae_mrad": 161.57037258192682,
        "mae_post_mrad": 665.696543888582,
        "peak_err_rad": 0.9137142519582071,
        "recovery_time_s": null,
        "energy_J": 8720.896324536741,
        "energy_post_J": 5000.764137960771,
        "jerk": 55356137706209.195,
        "jerk_post": 25996822975798.105,
        "cc_ratio": 0.45363331604246254
      }
    },
    "D1": {
      "E5-PD": {
        "mae_mrad": 255.47261156269684,
        "mae_post_mrad": 1567.762048486302,
        "peak_err_rad": 1.8408516704713356,
        "recovery_time_s": null,
        "energy_J": 8699.285761934563,
        "energy_post_J": 4707.790839670909,
        "jerk": 54425508161059.98,
        "jerk_post": 26126064710725.17,
        "cc_ratio": 0.0
      },
      "E5-E3": {
        "mae_mrad": 231.9041836752884,
        "mae_post_mrad": 1549.4353879568955,
        "peak_err_rad": 1.74259197934615,
        "recovery_time_s": null,
        "energy_J": 8982.781016555884,
        "energy_post_J": 5292.898336793326,
        "jerk": 54789855558477.62,
        "jerk_post": 26175714890296.484,
        "cc_ratio": 0.4074206480491855
      },
      "E5-MCA": {
        "mae_mrad": 246.58163122875777,
        "mae_post_mrad": 1516.1613057676423,
        "peak_err_rad": 1.7800440310914907,
        "recovery_time_s": null,
        "energy_J": 8939.016379255776,
        "energy_post_J": 4869.634882447324,
        "jerk": 54426012609750.164,
        "jerk_post": 26125477374008.574,
        "cc_ratio": 0.3887375548627076
      },
      "E5-full": {
        "mae_mrad": 227.76166092177593,
        "mae_post_mrad": 1458.7777796265245,
        "peak_err_rad": 1.6856826677525865,
        "recovery_time_s": null,
        "energy_J": 9110.474458064788,
        "energy_post_J": 5554.66835118779,
        "jerk": 54802158688575.26,
        "jerk_post": 26174422173164.273,
        "cc_ratio": 0.5091624569899418
      }
    },
    "D5": {
      "E5-PD": {
        "mae_mrad": 279.05297770836876,
        "mae_post_mrad": 2060.2347867538847,
        "peak_err_rad": 2.071937113841814,
        "recovery_time_s": null,
        "energy_J": 39370.64224247997,
        "energy_post_J": 22414.671509975604,
        "jerk": 51629758301213.984,
        "jerk_post": 25885782248252.508,
        "cc_ratio": 0.0
      },
      "E5-E3": {
        "mae_mrad": 257.94572007268084,
        "mae_post_mrad": 2054.7729112221646,
        "peak_err_rad": 2.097130050900533,
        "recovery_time_s": null,
        "energy_J": 37588.157382915764,
        "energy_post_J": 22781.67646636497,
        "jerk": 57327036207113.92,
        "jerk_post": 26649362743060.88,
        "cc_ratio": 0.3072261594143276
      },
      "E5-MCA": {
        "mae_mrad": 275.78718532433595,
        "mae_post_mrad": 2060.224800680742,
        "peak_err_rad": 2.0717030283600937,
        "recovery_time_s": null,
        "energy_J": 39265.25213952725,
        "energy_post_J": 22414.66551930481,
        "jerk": 51610042585406.6,
        "jerk_post": 25885181494641.383,
        "cc_ratio": 0.24902031263360033
      },
      "E5-full": {
        "mae_mrad": 262.4884598914968,
        "mae_post_mrad": 2061.07180351148,
        "peak_err_rad": 2.0884049074353133,
        "recovery_time_s": null,
        "energy_J": 37249.36057251366,
        "energy_post_J": 22870.631145335497,
        "jerk": 55071900854630.336,
        "jerk_post": 26338260182903.004,
        "cc_ratio": 0.38731995419071036
      }
    }
  }
}