{
  "experiment": "ef",
  "seed": 9,
  "sweep_name": "sweep11",
  "fwd_model_loaded": true,
  "results": {
    "D0": {
      "EF-PD": {
        "mae_mrad": 160.67579162967004,
        "mae_post_mrad": 750.7366989863433,
        "peak_err_rad": 1.0187165628248107,
        "recovery_time_s": null,
        "energy_J": 9345.081209626785,
        "energy_post_J": 5096.005424460798,
        "jerk": 55155085652416.86,
        "jerk_post": 26269490531060.523,
        "cc_ratio": 0.0,
        "pred_err_mrad": NaN
      },
      "EF-E4": {
        "mae_mrad": 161.62119423815273,
        "mae_post_mrad": 664.8700506078188,
        "peak_err_rad": 0.9114193569016196,
        "recovery_time_s": null,
        "energy_J": 8713.319736280251,
        "energy_post_J": 4994.211127405333,
        "jerk": 55207140479239.94,
        "jerk_post": 26277053025668.004,
        "cc_ratio": 0.4539886386297115,
        "pred_err_mrad": NaN
      },
      "EF-cereb": {
        "mae_mrad": 105.96668617480806,
        "mae_post_mrad": 401.60814650380934,
        "peak_err_rad": 0.6186077040894542,
        "recovery_time_s": null,
        "energy_J": 7229.031427071342,
        "energy_post_J": 3898.9781440361926,
        "jerk": 54726141131126.91,
        "jerk_post": 25984159120852.504,
        "cc_ratio": 0.0,
        "pred_err_mrad": 0.16571932813733195
      },
      "EF-full": {
        "mae_mrad": 119.31454414205008,
        "mae_post_mrad": 371.2075608406477,
        "peak_err_rad": 0.5568002807533321,
        "recovery_time_s": null,
        "energy_J": 7202.578581005923,
        "energy_post_J": 4095.573347172484,
        "jerk": 54511442994509.8,
        "jerk_post": 25956072154944.95,
        "cc_ratio": 0.44058525046014485,
        "pred_err_mrad": 0.2516526249858949
      }
    },
    "D1": {
      "EF-PD": {
        "mae_mrad": 255.43781348232199,
        "mae_post_mrad": 1567.5936192042452,
        "peak_err_rad": 1.8398993539163115,
        "recovery_time_s": null,
        "energy_J": 8698.350614032392,
        "energy_post_J": 4706.621441294425,
        "jerk": 54026736127538.78,
        "jerk_post": 26088851336632.312,
        "cc_ratio": 0.0,
        "pred_err_mrad": NaN
      },
      "EF-E4": {
        "mae_mrad": 227.9297224778729,
        "mae_post_mrad": 1459.2376772559048,
        "peak_err_rad": 1.6877502572025467,
        "recovery_time_s": null,
        "energy_J": 9104.848762068963,
        "energy_post_J": 5551.771486015609,
        "jerk": 54422427000746.48,
        "jerk_post": 26152710519872.273,
        "cc_ratio": 0.5088672488010666,
        "pred_err_mrad": NaN
      },
      "EF-cereb": {
        "mae_mrad": 160.6288059342113,
        "mae_post_mrad": 750.0222843902834,
        "peak_err_rad": 1.0117410574732848,
        "recovery_time_s": null,
        "energy_J": 9331.761747066319,
        "energy_post_J": 5084.020116366172,
        "jerk": 52365774626572.01,
        "jerk_post": 25025322178736.86,
        "cc_ratio": 0.0,
        "pred_err_mrad": 0.19335401098239904
      },
      "EF-full": {
        "mae_mrad": 161.4425532023942,
        "mae_post_mrad": 664.2748722353814,
        "peak_err_rad": 0.9056823693157641,
        "recovery_time_s": null,
        "energy_J": 8694.900132751522,
        "energy_post_J": 4973.302178470226,
        "jerk": 52411098213086.61,
        "jerk_post": 25034906393613.93,
        "cc_ratio": 0.45359559162516555,
        "pred_err_mrad": 0.29387787373013424
      }
    },
    "D5": {
      "EF-PD": {
        "mae_mrad": 279.014235492378,
        "mae_post_mrad": 2059.84452481547,
        "peak_err_rad": 2.0716818201558773,
        "recovery_time_s": null,
        "energy_J": 39366.0143014441,
        "energy_post_J": 22414.711587233644,
        "jerk": 52455650064107.266,
        "jerk_post": 26360550321391.344,
        "cc_ratio": 0.0,
        "pred_err_mrad": NaN
      },
      "EF-E4": {
        "mae_mrad": 262.00348257402925,
        "mae_post_mrad": 2060.739272956952,
        "peak_err_rad": 2.0931511595986203,
        "recovery_time_s": null,
        "energy_J": 37238.88751335328,
        "energy_post_J": 22876.936640848468,
        "jerk": 56723754294589.83,
        "jerk_post": 27150753285686.223,
        "cc_ratio": 0.38733634845438863,
        "pred_err_mrad": NaN
      },
      "EF-cereb": {
        "mae_mrad": 264.474702906508,
        "mae_post_mrad": 2060.680661910837,
        "peak_err_rad": 2.069775785482787,
        "recovery_time_s": null,
        "energy_J": 39311.63231756385,
        "energy_post_J": 22416.002675017273,
        "jerk": 51796983501427.375,
        "jerk_post": 26141910283082.777,
        "cc_ratio": 0.0,
        "pred_err_mrad": 0.24886954869846103
      },
      "EF-full": {
        "mae_mrad": 198.2983057838938,
        "mae_post_mrad": 1840.9400466897628,
        "peak_err_rad": 2.0879716847571563,
        "recovery_time_s": null,
        "energy_J": 26600.94459392791,
        "energy_post_J": 23096.286851777997,
        "jerk": 54238695737807.484,
        "jerk_post": 26513298575882.594,
        "cc_ratio": 0.35203756605673087,
        "pred_err_mrad": 0.33351827717785737
      }
    }
  }
}