{
  "experiment": "2c",
  "seed": 2,
  "sweep_name": "condition_sweep_2c/tau_020_taur050",
  "sim_duration_s": 9.0,
  "load_time_s": 3.0,
  "load_joint": 1,
  "load_torque_nm": -25.0,
  "endpoint_joint": 1,
  "cpg_amplitude": 0.3,
  "cpg_tau": 0.2,
  "cpg_tau_r": 0.5,
  "conditions": {
    "CPG+CfC": {
      "ep_err_pre_mrad": 58.559930754378215,
      "ep_err_post_mrad": 308.55643588575134,
      "mae_post_mrad": 122.55432169922213,
      "recovery_time_s": 3.891999999999463
    },
    "CPG+CfC+LIF_FB": {
      "ep_err_pre_mrad": 167.4850694768856,
      "ep_err_post_mrad": 271.00348937470346,
      "mae_post_mrad": 119.63122803654451,
      "recovery_time_s": 0.473999999999839
    }
  }
}