{
  "experiment": "2c",
  "seed": 4,
  "sweep_name": "condition_sweep_2c/tau_035",
  "sim_duration_s": 9.0,
  "load_time_s": 3.0,
  "load_joint": 1,
  "load_torque_nm": -25.0,
  "endpoint_joint": 1,
  "cpg_amplitude": 0.3,
  "cpg_tau": 0.35,
  "conditions": {
    "CPG+CfC": {
      "ep_err_pre_mrad": 297.19208792799463,
      "ep_err_post_mrad": 241.3289377919685,
      "mae_post_mrad": 109.73605732569055,
      "recovery_time_s": 2.3639999999996313
    },
    "CPG+CfC+LIF_FB": {
      "ep_err_pre_mrad": 290.2490025636108,
      "ep_err_post_mrad": 225.5523508225136,
      "mae_post_mrad": 109.48225030359126,
      "recovery_time_s": 2.3439999999996335
    }
  }
}