{
  "experiment": "e1",
  "seed": 9,
  "sweep_name": "default",
  "static": {
    "E1-A0": {
      "mae_mrad": 113.1135999728613,
      "pred_err_mean_mrad": null
    },
    "E1-MLP": {
      "mae_mrad": 83.71421018864285,
      "pred_err_mean_mrad": null
    },
    "E1-fwd": {
      "mae_mrad": 103.72098270365161,
      "pred_err_mean_mrad": 103.73612981298874
    },
    "E1-fwd-online": {
      "mae_mrad": 103.71567138491524,
      "pred_err_mean_mrad": 103.74531377967193
    }
  },
  "disturbance": {
    "E1-A0": {
      "peak_err_rad": 0.5783264794828842,
      "mae_post_mrad": 125.68341943909276,
      "recovery_time_s": 0.04399999999988635,
      "adapt_time_s": null
    },
    "E1-MLP": {
      "peak_err_rad": 0.2046317932055492,
      "mae_post_mrad": 86.68200446893538,
      "recovery_time_s": 0.04399999999988635,
      "adapt_time_s": null
    },
    "E1-fwd": {
      "peak_err_rad": 0.6124561332876877,
      "mae_post_mrad": 110.90217118601744,
      "recovery_time_s": null,
      "adapt_time_s": null
    },
    "E1-fwd-online": {
      "peak_err_rad": 0.6124315917236508,
      "mae_post_mrad": 110.89400844323913,
      "recovery_time_s": null,
      "adapt_time_s": null
    }
  },
  "training": {
    "n_epochs": 300,
    "n_traj": 500,
    "fwd_final_loss": 0.16693282639980317
  }
}