{
  "experiment": "2d",
  "seed": 0,
  "conditions": {
    "PD": {
      "static_mae_mrad": 160.48975443035005,
      "peak_err_rad": 1.0109409266192446,
      "recovery_time_s": null
    },
    "PD+CfC": {
      "static_mae_mrad": 68.69398585357678,
      "peak_err_rad": 0.29362190836185376,
      "recovery_time_s": 0.685999999999706
    },
    "Full": {
      "static_mae_mrad": 84.37371270482762,
      "peak_err_rad": 0.2216049574182813,
      "recovery_time_s": 0.721999999999702
    }
  }
}