{
  "experiment": "2c",
  "seed": 4,
  "sweep_name": "condition_sweep_2c/tau_020_taur050",
  "sim_duration_s": 9.0,
  "load_time_s": 3.0,
  "load_joint": 1,
  "load_torque_nm": -25.0,
  "endpoint_joint": 1,
  "cpg_amplitude": 0.3,
  "cpg_tau": 0.2,
  "cpg_tau_r": 0.5,
  "conditions": {
    "CPG+CfC": {
      "ep_err_pre_mrad": 163.64224880700903,
      "ep_err_post_mrad": 167.2833242778958,
      "mae_post_mrad": 111.25983912648893,
      "recovery_time_s": 0.4759999999998388
    },
    "CPG+CfC+LIF_FB": {
      "ep_err_pre_mrad": 156.21514238167265,
      "ep_err_post_mrad": 227.47857373431984,
      "mae_post_mrad": 111.08267996258999,
      "recovery_time_s": 2.1919999999996502
    }
  }
}