{
  "experiment": "e2",
  "seed": 42,
  "sweep_name": "test3",
  "results": {
    "D0": {
      "E2-PD": {
        "mae_mrad": 160.6671026801721,
        "peak_err_rad": 1.019008541786778,
        "recovery_time_s": null,
        "mae_post_mrad": 0.7508644439657842
      },
      "E2-reflex": {
        "mae_mrad": 142.39282960875653,
        "peak_err_rad": 0.8688269377271305,
        "recovery_time_s": null,
        "mae_post_mrad": 0.6064251516594255
      },
      "E2-cc": {
        "mae_mrad": 157.0829320052354,
        "peak_err_rad": 0.9960706428220762,
        "recovery_time_s": null,
        "mae_post_mrad": 0.7389793175954156
      },
      "E2-cc+ref": {
        "mae_mrad": 138.7605551757608,
        "peak_err_rad": 0.8470338918402402,
        "recovery_time_s": null,
        "mae_post_mrad": 0.5964330811997679
      }
    },
    "D1": {
      "E2-PD": {
        "mae_mrad": 255.4794312313955,
        "peak_err_rad": 1.8463693974689956,
        "recovery_time_s": null,
        "mae_post_mrad": 1.5683689564199934
      },
      "E2-reflex": {
        "mae_mrad": 246.31814964382875,
        "peak_err_rad": 1.788204079431571,
        "recovery_time_s": null,
        "mae_post_mrad": 1.506455614292027
      },
      "E2-cc": {
        "mae_mrad": 248.32679218103314,
        "peak_err_rad": 1.8048238206794853,
        "recovery_time_s": null,
        "mae_post_mrad": 1.5396696710751494
      },
      "E2-cc+ref": {
        "mae_mrad": 239.08466459895996,
        "peak_err_rad": 1.7455963505198724,
        "recovery_time_s": null,
        "mae_post_mrad": 1.4768015158290047
      }
    },
    "D5": {
      "E2-PD": {
        "mae_mrad": 279.01193147797346,
        "peak_err_rad": 2.0712187016439696,
        "recovery_time_s": null,
        "mae_post_mrad": 2.0599739336200997
      },
      "E2-reflex": {
        "mae_mrad": 277.1940026057735,
        "peak_err_rad": 2.0704507089685027,
        "recovery_time_s": null,
        "mae_post_mrad": 2.0600635939541374
      },
      "E2-cc": {
        "mae_mrad": 274.83115794895895,
        "peak_err_rad": 2.069632613398031,
        "recovery_time_s": null,
        "mae_post_mrad": 2.0603397413969238
      },
      "E2-cc+ref": {
        "mae_mrad": 273.032194103233,
        "peak_err_rad": 2.0691565910938374,
        "recovery_time_s": null,
        "mae_post_mrad": 2.0604491307568478
      }
    }
  }
}