{
  "experiment": "e1",
  "seed": 42,
  "sweep_name": "default",
  "static": {
    "E1-A0": {
      "mae_mrad": 113.49845800839903,
      "pred_err_mean_mrad": null
    },
    "E1-MLP": {
      "mae_mrad": 105.10517639378195,
      "pred_err_mean_mrad": null
    },
    "E1-fwd": {
      "mae_mrad": 103.70396133544827,
      "pred_err_mean_mrad": 103.7729601537434
    },
    "E1-fwd-online": {
      "mae_mrad": 103.7046450352012,
      "pred_err_mean_mrad": 103.77765928618327
    }
  },
  "disturbance": {
    "E1-A0": {
      "peak_err_rad": 0.20858148964923023,
      "mae_post_mrad": 112.69991258773351,
      "recovery_time_s": 0.05399999999988525,
      "adapt_time_s": null
    },
    "E1-MLP": {
      "peak_err_rad": 0.4383014562591653,
      "mae_post_mrad": 107.71566292598874,
      "recovery_time_s": null,
      "adapt_time_s": null
    },
    "E1-fwd": {
      "peak_err_rad": 0.6123799149764254,
      "mae_post_mrad": 110.88783454432897,
      "recovery_time_s": null,
      "adapt_time_s": null
    },
    "E1-fwd-online": {
      "peak_err_rad": 0.6123515345121295,
      "mae_post_mrad": 110.8829787512558,
      "recovery_time_s": null,
      "adapt_time_s": null
    }
  },
  "training": {
    "n_epochs": 300,
    "n_traj": 500,
    "fwd_final_loss": 0.16852981424331664
  }
}