{
  "experiment": "2a",
  "seed": 9,
  "conditions": {
    "PD": {
      "static_mae_mrad": 158.41640843640147
    },
    "PD+CfC": {
      "static_mae_mrad": 113.1135999728613
    },
    "Full": {
      "static_mae_mrad": 108.25970456388595
    }
  }
}