{
  "experiment": "2b",
  "seed": 9,
  "sweep_name": "condition_sweep_2b/joint5_60Nm",
  "disturbance_time_s": 3.0,
  "disturbance_joint": 5,
  "q_init_noise": 0.0,
  "disturbance_levels": {
    "joint5_60Nm": {
      "PD+CfC": {
        "peak_err_rad": 0.2951934112560175,
        "mae_post_mrad": 120.09587105407377,
        "recovery_time_s": 0.21399999999986763
      },
      "Full": {
        "peak_err_rad": 0.2816174225489616,
        "mae_post_mrad": 118.93100472748976,
        "recovery_time_s": 0.04199999999988657
      }
    }
  }
}