{
  "experiment": "2c",
  "seed": 1,
  "sweep_name": "condition_sweep_2c/amp030_load25",
  "sim_duration_s": 9.0,
  "load_time_s": 3.0,
  "load_joint": 1,
  "load_torque_nm": -25.0,
  "endpoint_joint": 1,
  "cpg_amplitude": 0.3,
  "conditions": {
    "CPG+CfC": {
      "ep_err_pre_mrad": 291.0069091964294,
      "ep_err_post_mrad": 442.5609160477143,
      "mae_post_mrad": 133.32613144062447,
      "recovery_time_s": 1.5979999999997156
    },
    "CPG+CfC+LIF_FB": {
      "ep_err_pre_mrad": 330.34733388156855,
      "ep_err_post_mrad": 444.99157305401917,
      "mae_post_mrad": 134.35587306478718,
      "recovery_time_s": 0.42999999999984384
    }
  }
}