{
  "experiment": "2b",
  "seed": 5,
  "sweep_name": "condition_sweep_2b/timing_early",
  "disturbance_time_s": 2.0,
  "disturbance_joint": 1,
  "disturbance_levels": {
    "timing_early": {
      "PD+CfC": {
        "peak_err_rad": 0.34960881044799624,
        "mae_post_mrad": 128.19109670860144,
        "recovery_time_s": 0.061999999999994504
      },
      "Full": {
        "peak_err_rad": 0.34609328907861187,
        "mae_post_mrad": 128.3390509552025,
        "recovery_time_s": 0.03999999999999693
      }
    }
  }
}