{
  "experiment": "ef",
  "seed": 4,
  "sweep_name": "sweep11",
  "fwd_model_loaded": true,
  "results": {
    "D0": {
      "EF-PD": {
        "mae_mrad": 160.66253351284735,
        "mae_post_mrad": 749.9950516675947,
        "peak_err_rad": 1.0116140880489015,
        "recovery_time_s": null,
        "energy_J": 9333.778977363225,
        "energy_post_J": 5084.134802254905,
        "jerk": 55001854770832.53,
        "jerk_post": 26178173872271.84,
        "cc_ratio": 0.0,
        "pred_err_mrad": NaN
      },
      "EF-E4": {
        "mae_mrad": 161.6530569156277,
        "mae_post_mrad": 664.3371269409693,
        "peak_err_rad": 0.9052791527491362,
        "recovery_time_s": null,
        "energy_J": 8696.006800707282,
        "energy_post_J": 4978.196727034508,
        "jerk": 55049179766459.28,
        "jerk_post": 26185919757397.066,
        "cc_ratio": 0.453998121597142,
        "pred_err_mrad": NaN
      },
      "EF-cereb": {
        "mae_mrad": 105.94642381054223,
        "mae_post_mrad": 401.17723355162485,
        "peak_err_rad": 0.6124070963782711,
        "recovery_time_s": null,
        "energy_J": 7217.768503291104,
        "energy_post_J": 3888.269759815643,
        "jerk": 53117592946517.62,
        "jerk_post": 25275306448658.28,
        "cc_ratio": 0.0,
        "pred_err_mrad": 0.1867915565313468
      },
      "EF-full": {
        "mae_mrad": 119.45816438234942,
        "mae_post_mrad": 370.59942725015526,
        "peak_err_rad": 0.5532091866876392,
        "recovery_time_s": null,
        "energy_J": 7187.449229787095,
        "energy_post_J": 4081.450982473873,
        "jerk": 52914380550018.18,
        "jerk_post": 25250816688389.25,
        "cc_ratio": 0.4403990406489922,
        "pred_err_mrad": 0.28911179190683595
      }
    },
    "D1": {
      "EF-PD": {
        "mae_mrad": 255.4529004163946,
        "mae_post_mrad": 1567.6087743367034,
        "peak_err_rad": 1.8421600609396998,
        "recovery_time_s": null,
        "energy_J": 8698.261263189122,
        "energy_post_J": 4706.751799146751,
        "jerk": 54762327609627.84,
        "jerk_post": 26537572897647.625,
        "cc_ratio": 0.0,
        "pred_err_mrad": NaN
      },
      "EF-E4": {
        "mae_mrad": 227.98503001476595,
        "mae_post_mrad": 1458.2469330192193,
        "peak_err_rad": 1.6834047122732496,
        "recovery_time_s": null,
        "energy_J": 9105.48417656575,
        "energy_post_J": 5548.917397273978,
        "jerk": 55144353379209.086,
        "jerk_post": 26600821500607.266,
        "cc_ratio": 0.509648500707098,
        "pred_err_mrad": NaN
      },
      "EF-cereb": {
        "mae_mrad": 160.612626219383,
        "mae_post_mrad": 750.0282095699848,
        "peak_err_rad": 1.0131890873826097,
        "recovery_time_s": null,
        "energy_J": 9331.373198017953,
        "energy_post_J": 5084.333536188072,
        "jerk": 55602393799238.35,
        "jerk_post": 26567555900484.496,
        "cc_ratio": 0.0,
        "pred_err_mrad": 0.1939444753623215
      },
      "EF-full": {
        "mae_mrad": 161.56615001944866,
        "mae_post_mrad": 664.1182184445295,
        "peak_err_rad": 0.9058590042489811,
        "recovery_time_s": null,
        "energy_J": 8694.703251655583,
        "energy_post_J": 4978.056931616026,
        "jerk": 55650744022356.69,
        "jerk_post": 26575888501670.668,
        "cc_ratio": 0.45374509842630195,
        "pred_err_mrad": 0.3191545345875258
      }
    },
    "D5": {
      "EF-PD": {
        "mae_mrad": 279.0153249387365,
        "mae_post_mrad": 2059.795395549185,
        "peak_err_rad": 2.0715729093993214,
        "recovery_time_s": null,
        "energy_J": 39369.245999936786,
        "energy_post_J": 22414.703324393795,
        "jerk": 51217389476439.63,
        "jerk_post": 25336880474348.29,
        "cc_ratio": 0.0,
        "pred_err_mrad": NaN
      },
      "EF-E4": {
        "mae_mrad": 262.32779502225486,
        "mae_post_mrad": 2060.884051858986,
        "peak_err_rad": 2.090226657921238,
        "recovery_time_s": null,
        "energy_J": 37230.93507593028,
        "energy_post_J": 22875.601483121052,
        "jerk": 54640727324745.266,
        "jerk_post": 25864995208832.87,
        "cc_ratio": 0.38738038007932124,
        "pred_err_mrad": NaN
      },
      "EF-cereb": {
        "mae_mrad": 264.47950624548884,
        "mae_post_mrad": 2060.6671137678554,
        "peak_err_rad": 2.0701737855935805,
        "recovery_time_s": null,
        "energy_J": 39316.87027606623,
        "energy_post_J": 22416.021433860806,
        "jerk": 51046478928788.78,
        "jerk_post": 25797069639950.812,
        "cc_ratio": 0.0,
        "pred_err_mrad": 0.2740711655488159
      },
      "EF-full": {
        "mae_mrad": 198.29515251632012,
        "mae_post_mrad": 1842.834278106809,
        "peak_err_rad": 2.0850080950573795,
        "recovery_time_s": null,
        "energy_J": 26577.339784049756,
        "energy_post_J": 23102.175043091043,
        "jerk": 53200940607642.09,
        "jerk_post": 26139125685353.082,
        "cc_ratio": 0.3523271287960049,
        "pred_err_mrad": 0.35195019846225234
      }
    }
  }
}