{
  "block_maes_mrad": [
    186.1257202211711,
    210.5325821783202,
    210.5111206784457,
    210.5075054411671,
    210.50738747970178,
    210.5187631660839,
    210.52829490314522,
    210.5124621976282,
    210.52862771622634,
    210.53309973350383
  ],
  "final_MAE_post": 210.53309973350383,
  "initial_MAE": 186.1257202211711,
  "MAE_improvement": -0.13113383514754753,
  "io_fire_count": 317,
  "io_fire_rate_hz": 5.2833,
  "io_fire_interval_mean": 94.3734,
  "condition": "f4_10hz",
  "io_mode": "sparse",
  "io_firing_rate_hz": 10.0,
  "online_lr": 0.0005,
  "seed": 2
}