{
  "experiment": "2b",
  "seed": 0,
  "sweep_name": "condition_sweep_2b/joint3_60Nm",
  "disturbance_time_s": 3.0,
  "disturbance_joint": 3,
  "q_init_noise": 0.0,
  "disturbance_levels": {
    "joint3_60Nm": {
      "PD+CfC": {
        "peak_err_rad": 0.2861406395718238,
        "mae_post_mrad": 65.30109668716896,
        "recovery_time_s": 0.48799999999983745
      },
      "Full": {
        "peak_err_rad": 0.4606389760900458,
        "mae_post_mrad": 66.33731124189502,
        "recovery_time_s": 0.5199999999998339
      }
    }
  }
}