{
  "experiment": "2c",
  "seed": 3,
  "sweep_name": "condition_sweep_2c/tau_020_taur060",
  "sim_duration_s": 9.0,
  "load_time_s": 3.0,
  "load_joint": 1,
  "load_torque_nm": -25.0,
  "endpoint_joint": 1,
  "cpg_amplitude": 0.3,
  "cpg_tau": 0.2,
  "cpg_tau_r": 0.6,
  "conditions": {
    "CPG+CfC": {
      "ep_err_pre_mrad": 215.7679639225713,
      "ep_err_post_mrad": 223.3206987848914,
      "mae_post_mrad": 132.1901620824687,
      "recovery_time_s": 0.8779999999997945
    },
    "CPG+CfC+LIF_FB": {
      "ep_err_pre_mrad": 178.18568413708286,
      "ep_err_post_mrad": 252.8416334740267,
      "mae_post_mrad": 127.55205511367976,
      "recovery_time_s": 0.8679999999997956
    }
  }
}