{
  "experiment": "2c",
  "seed": 7,
  "sweep_name": "condition_sweep_2c/tau_035_taur060",
  "sim_duration_s": 9.0,
  "load_time_s": 3.0,
  "load_joint": 1,
  "load_torque_nm": -25.0,
  "endpoint_joint": 1,
  "cpg_amplitude": 0.3,
  "cpg_tau": 0.35,
  "cpg_tau_r": 0.6,
  "conditions": {
    "CPG+CfC": {
      "ep_err_pre_mrad": 146.32896608326828,
      "ep_err_post_mrad": 289.32261441688377,
      "mae_post_mrad": 127.60737547637011,
      "recovery_time_s": 1.9359999999996784
    },
    "CPG+CfC+LIF_FB": {
      "ep_err_pre_mrad": 137.0027729834427,
      "ep_err_post_mrad": 289.47152579944606,
      "mae_post_mrad": 126.41290942558417,
      "recovery_time_s": 1.939999999999678
    }
  }
}