{
  "block_maes_mrad": [
    185.8911015330182,
    210.52991176022203,
    210.44361411020202,
    210.43823849890097,
    210.47155272805745,
    210.46465202558738,
    210.4981664964074,
    210.51330179918787,
    210.46856208817553,
    210.50468673205313
  ],
  "final_MAE_post": 210.50468673205313,
  "initial_MAE": 185.8911015330182,
  "MAE_improvement": -0.13240862524304656,
  "io_fire_count": 30000,
  "io_fire_rate_hz": 500.0,
  "io_fire_interval_mean": 1.0,
  "condition": "f4_continuous",
  "io_mode": "continuous",
  "io_firing_rate_hz": 500.0,
  "online_lr": 0.0005,
  "seed": 7
}