{
  "experiment": "2c",
  "seed": 4,
  "sweep_name": "condition_sweep_2c/tau_035_taur050",
  "sim_duration_s": 9.0,
  "load_time_s": 3.0,
  "load_joint": 1,
  "load_torque_nm": -25.0,
  "endpoint_joint": 1,
  "cpg_amplitude": 0.3,
  "cpg_tau": 0.35,
  "cpg_tau_r": 0.5,
  "conditions": {
    "CPG+CfC": {
      "ep_err_pre_mrad": 175.1243409865091,
      "ep_err_post_mrad": 276.64260309504397,
      "mae_post_mrad": 103.5485903553924,
      "recovery_time_s": 1.4699999999997297
    },
    "CPG+CfC+LIF_FB": {
      "ep_err_pre_mrad": 228.67623168098206,
      "ep_err_post_mrad": 222.6714479196997,
      "mae_post_mrad": 103.85959137497464,
      "recovery_time_s": 1.4699999999997297
    }
  }
}