{
  "experiment": "2b",
  "seed": 6,
  "sweep_name": "condition_sweep_2b/timing_mid",
  "disturbance_time_s": 3.0,
  "disturbance_joint": 1,
  "disturbance_levels": {
    "timing_mid": {
      "PD+CfC": {
        "peak_err_rad": 0.12543927385284287,
        "mae_post_mrad": 184.09293040186435,
        "recovery_time_s": 0.04199999999988657
      },
      "Full": {
        "peak_err_rad": 0.13162505687256204,
        "mae_post_mrad": 159.95384684989645,
        "recovery_time_s": 0.04199999999988657
      }
    }
  }
}