{
  "block_maes_mrad": [
    185.8442548842839,
    210.5317109867437,
    210.55889717812778,
    210.58501866213214,
    210.55754212070858,
    210.62107615006354,
    210.54816328891536,
    210.4863038987841,
    210.55098057332486,
    210.505427128705
  ],
  "final_MAE_post": 210.505427128705,
  "initial_MAE": 185.8442548842839,
  "MAE_improvement": -0.13269806085554647,
  "io_fire_count": 22938,
  "io_fire_rate_hz": 382.3,
  "io_fire_interval_mean": 1.3078,
  "condition": "f4_error_gated",
  "io_mode": "error_gated",
  "io_firing_rate_hz": 1.0,
  "online_lr": 0.0005,
  "seed": 1
}