{
  "experiment": "e3",
  "seed": 6,
  "sweep_name": "sweep11",
  "ia_latency_ms": 20.0,
  "latency_ok": true,
  "results": {
    "D0": {
      "E3-PD": {
        "mae_mrad": 160.64779307679126,
        "peak_err_rad": 1.015558913094938,
        "recovery_time_s": null,
        "mae_post_mrad": 750.3780949666467
      },
      "E3-cc": {
        "mae_mrad": 157.07242609327935,
        "peak_err_rad": 0.9925826342046622,
        "recovery_time_s": null,
        "mae_post_mrad": 738.714954534205
      },
      "E3-ia_ib": {
        "mae_mrad": 159.0689197668428,
        "peak_err_rad": 0.9258260061520434,
        "recovery_time_s": null,
        "mae_post_mrad": 733.1649077209682
      },
      "E3-cc+ia_ib": {
        "mae_mrad": 156.01637797641715,
        "peak_err_rad": 0.9208113336528734,
        "recovery_time_s": null,
        "mae_post_mrad": 731.9778694491118
      }
    },
    "D1": {
      "E3-PD": {
        "mae_mrad": 255.496486542304,
        "peak_err_rad": 1.8476095777948975,
        "recovery_time_s": null,
        "mae_post_mrad": 1568.7550044306752
      },
      "E3-cc": {
        "mae_mrad": 248.32726734132584,
        "peak_err_rad": 1.8055178951056117,
        "recovery_time_s": null,
        "mae_post_mrad": 1539.7711593779889
      },
      "E3-ia_ib": {
        "mae_mrad": 243.42964638854502,
        "peak_err_rad": 1.760302266871231,
        "recovery_time_s": null,
        "mae_post_mrad": 1554.7612936439536
      },
      "E3-cc+ia_ib": {
        "mae_mrad": 231.96034557058212,
        "peak_err_rad": 1.7453671786739855,
        "recovery_time_s": null,
        "mae_post_mrad": 1550.23383708407
      }
    },
    "D5": {
      "E3-PD": {
        "mae_mrad": 279.0518472101674,
        "peak_err_rad": 2.071881513435415,
        "recovery_time_s": null,
        "mae_post_mrad": 2059.8968353145697
      },
      "E3-cc": {
        "mae_mrad": 274.88420610893235,
        "peak_err_rad": 2.070740777750998,
        "recovery_time_s": null,
        "mae_post_mrad": 2060.2961039405072
      },
      "E3-ia_ib": {
        "mae_mrad": 262.5115226386886,
        "peak_err_rad": 2.0866848922603296,
        "recovery_time_s": null,
        "mae_post_mrad": 2054.5719526364596
      },
      "E3-cc+ia_ib": {
        "mae_mrad": 257.73666028075877,
        "peak_err_rad": 2.0880277618173433,
        "recovery_time_s": null,
        "mae_post_mrad": 2054.6027542833767
      }
    }
  }
}