{
  "block_maes_mrad": [
    186.02273247411273,
    210.52335910713336,
    210.50926504148217,
    210.516367322991,
    210.5230771644444,
    210.5151886212656,
    210.5015671519856,
    210.51293349798436,
    210.51468967406797,
    210.50680675574733
  ],
  "final_MAE_post": 210.50680675574733,
  "initial_MAE": 186.02273247411273,
  "MAE_improvement": -0.1316187218404086,
  "io_fire_count": 37,
  "io_fire_rate_hz": 0.6167,
  "io_fire_interval_mean": 795.6944,
  "condition": "f4_1hz",
  "io_mode": "sparse",
  "io_firing_rate_hz": 1.0,
  "online_lr": 0.0005,
  "seed": 6
}