{
  "block_maes_mrad": [
    185.992450255858,
    210.4986505337187,
    210.483354973116,
    210.48516375871625,
    210.4704101824673,
    210.4539759572136,
    210.43477078658276,
    210.4645337760077,
    210.46695373944536,
    210.4714276710322
  ],
  "final_MAE_post": 210.4714276710322,
  "initial_MAE": 185.992450255858,
  "MAE_improvement": -0.13161274762157504,
  "io_fire_count": 30000,
  "io_fire_rate_hz": 500.0,
  "io_fire_interval_mean": 1.0,
  "condition": "f4_continuous",
  "io_mode": "continuous",
  "io_firing_rate_hz": 500.0,
  "online_lr": 0.0005,
  "seed": 8
}