{
  "experiment": "2b",
  "seed": 7,
  "sweep_name": "condition_sweep_2b/torque_45",
  "disturbance_time_s": 3.0,
  "disturbance_joint": 1,
  "disturbance_levels": {
    "torque_45": {
      "PD+CfC": {
        "peak_err_rad": 0.38781899263836167,
        "mae_post_mrad": 122.56390042894677,
        "recovery_time_s": 0.09199999999988107
      },
      "Full": {
        "peak_err_rad": 0.3448327830985994,
        "mae_post_mrad": 124.99505418098882,
        "recovery_time_s": 0.655999999999819
      }
    }
  }
}