{
  "experiment": "2b",
  "seed": 6,
  "sweep_name": "condition_sweep_2b/torque_45",
  "disturbance_time_s": 3.0,
  "disturbance_joint": 1,
  "disturbance_levels": {
    "torque_45": {
      "PD+CfC": {
        "peak_err_rad": 0.1258043108687522,
        "mae_post_mrad": 184.58092500643806,
        "recovery_time_s": 0.04199999999988657
      },
      "Full": {
        "peak_err_rad": 0.1281169542359949,
        "mae_post_mrad": 161.2942694697195,
        "recovery_time_s": 0.04199999999988657
      }
    }
  }
}