{
  "experiment": "2b",
  "seed": 9,
  "sweep_name": "condition_sweep_2b/joint3_60Nm",
  "disturbance_time_s": 3.0,
  "disturbance_joint": 3,
  "q_init_noise": 0.0,
  "disturbance_levels": {
    "joint3_60Nm": {
      "PD+CfC": {
        "peak_err_rad": 0.41005982094001725,
        "mae_post_mrad": 124.30282775852343,
        "recovery_time_s": 0.3459999999998531
      },
      "Full": {
        "peak_err_rad": 0.35298595736581917,
        "mae_post_mrad": 114.46008811516084,
        "recovery_time_s": 0.20999999999986807
      }
    }
  }
}