{
  "experiment": "2c",
  "seed": 0,
  "sweep_name": "condition_sweep_2c/tau_035_taur060",
  "sim_duration_s": 9.0,
  "load_time_s": 3.0,
  "load_joint": 1,
  "load_torque_nm": -25.0,
  "endpoint_joint": 1,
  "cpg_amplitude": 0.3,
  "cpg_tau": 0.35,
  "cpg_tau_r": 0.6,
  "conditions": {
    "CPG+CfC": {
      "ep_err_pre_mrad": 44.41793888251512,
      "ep_err_post_mrad": 276.16726763787904,
      "mae_post_mrad": 96.71766771828901,
      "recovery_time_s": 1.9359999999996784
    },
    "CPG+CfC+LIF_FB": {
      "ep_err_pre_mrad": 57.77977397878839,
      "ep_err_post_mrad": 378.22118318881763,
      "mae_post_mrad": 109.19401850821096,
      "recovery_time_s": 1.9539999999996764
    }
  }
}