{
  "experiment": "2c",
  "seed": 3,
  "conditions": {
    "CPG+CfC": {
      "ep_err_pre_mrad": 51.395823208789096,
      "ep_err_post_mrad": 317.6483724200369,
      "mae_post_mrad": 120.27722553862155,
      "recovery_time_s": 1.5979999999997156
    },
    "CPG+CfC+LIF_FB": {
      "ep_err_pre_mrad": 49.2344008290615,
      "ep_err_post_mrad": 338.47659857355103,
      "mae_post_mrad": 115.07658816920329,
      "recovery_time_s": null
    }
  }
}