{
  "experiment": "2b",
  "seed": 3,
  "sweep_name": "condition_sweep_2b/qnoise_005",
  "disturbance_time_s": 3.0,
  "disturbance_joint": 1,
  "q_init_noise": 0.05,
  "disturbance_levels": {
    "qnoise_005": {
      "PD+CfC": {
        "peak_err_rad": 0.23531432897408397,
        "mae_post_mrad": 90.45585942635105,
        "recovery_time_s": 0.35199999999985243
      },
      "Full": {
        "peak_err_rad": 0.32077226612469234,
        "mae_post_mrad": 79.0279039984177,
        "recovery_time_s": 0.49999999999983613
      }
    }
  }
}