{
  "experiment": "2c",
  "seed": 6,
  "sweep_name": "condition_sweep_2c/tau_035",
  "sim_duration_s": 9.0,
  "load_time_s": 3.0,
  "load_joint": 1,
  "load_torque_nm": -25.0,
  "endpoint_joint": 1,
  "cpg_amplitude": 0.3,
  "cpg_tau": 0.35,
  "conditions": {
    "CPG+CfC": {
      "ep_err_pre_mrad": 145.09963024728495,
      "ep_err_post_mrad": 274.15786680860936,
      "mae_post_mrad": 180.2809685928899,
      "recovery_time_s": 2.3639999999996313
    },
    "CPG+CfC+LIF_FB": {
      "ep_err_pre_mrad": 139.10633687177872,
      "ep_err_post_mrad": 290.02430055344365,
      "mae_post_mrad": 182.90523508793635,
      "recovery_time_s": 2.37599999999963
    }
  }
}