{
  "block_maes_mrad": [
    186.03823062447796,
    210.46933387787698,
    210.46314596097392,
    210.5161349565886,
    210.5010864329548,
    210.48389545359757,
    210.48240370785257,
    210.49888766861443,
    210.48204961723388,
    210.50070938471177
  ],
  "final_MAE_post": 210.50070938471177,
  "initial_MAE": 186.03823062447796,
  "MAE_improvement": -0.13149167608178525,
  "io_fire_count": 22461,
  "io_fire_rate_hz": 374.35,
  "io_fire_interval_mean": 1.3356,
  "condition": "f4_error_gated",
  "io_mode": "error_gated",
  "io_firing_rate_hz": 1.0,
  "online_lr": 0.0005,
  "seed": 4
}