{
  "block_maes_mrad": [
    186.03149928485945,
    210.51856255595717,
    210.5199330612483,
    210.54115511840624,
    210.50295579474536,
    210.52081568828265,
    210.48032115452483,
    210.51762476988478,
    210.50546299498257,
    210.53466855167432
  ],
  "final_MAE_post": 210.53466855167432,
  "initial_MAE": 186.03149928485945,
  "MAE_improvement": -0.13171516308194045,
  "io_fire_count": 30000,
  "io_fire_rate_hz": 500.0,
  "io_fire_interval_mean": 1.0,
  "condition": "f4_continuous",
  "io_mode": "continuous",
  "io_firing_rate_hz": 500.0,
  "online_lr": 0.0005,
  "seed": 4
}