{
  "experiment": "e1",
  "seed": 0,
  "sweep_name": "default",
  "static": {
    "E1-A0": {
      "mae_mrad": 63.34869083733616,
      "pred_err_mean_mrad": null
    },
    "E1-MLP": {
      "mae_mrad": 74.34141704493942,
      "pred_err_mean_mrad": null
    },
    "E1-fwd": {
      "mae_mrad": 103.71795527391866,
      "pred_err_mean_mrad": 103.7401847933278
    },
    "E1-fwd-online": {
      "mae_mrad": 103.70871483751827,
      "pred_err_mean_mrad": 103.75481020921288
    }
  },
  "disturbance": {
    "E1-A0": {
      "peak_err_rad": 0.25282977582038185,
      "mae_post_mrad": 70.43715642028442,
      "recovery_time_s": 0.2759999999998608,
      "adapt_time_s": null
    },
    "E1-MLP": {
      "peak_err_rad": 0.15117708444336275,
      "mae_post_mrad": 80.72984190708785,
      "recovery_time_s": 0.04399999999988635,
      "adapt_time_s": null
    },
    "E1-fwd": {
      "peak_err_rad": 0.6124264867997626,
      "mae_post_mrad": 110.90088795920641,
      "recovery_time_s": null,
      "adapt_time_s": null
    },
    "E1-fwd-online": {
      "peak_err_rad": 0.6123778869590121,
      "mae_post_mrad": 110.89279661411702,
      "recovery_time_s": null,
      "adapt_time_s": null
    }
  },
  "training": {
    "n_epochs": 300,
    "n_traj": 500,
    "fwd_final_loss": 0.16563624584674835
  }
}