{
  "experiment": "2c",
  "seed": 2,
  "sweep_name": "condition_sweep_2c/amp030_load25",
  "sim_duration_s": 9.0,
  "load_time_s": 3.0,
  "load_joint": 1,
  "load_torque_nm": -25.0,
  "endpoint_joint": 1,
  "cpg_amplitude": 0.3,
  "conditions": {
    "CPG+CfC": {
      "ep_err_pre_mrad": 157.02626301585238,
      "ep_err_post_mrad": 268.9852530737803,
      "mae_post_mrad": 138.698559070492,
      "recovery_time_s": 1.5979999999997156
    },
    "CPG+CfC+LIF_FB": {
      "ep_err_pre_mrad": 146.06700264974583,
      "ep_err_post_mrad": 217.24914541754012,
      "mae_post_mrad": 131.2011061588892,
      "recovery_time_s": 1.621999999999713
    }
  }
}