{
  "block_maes_mrad": [
    185.87341303891776,
    210.42819004328595,
    210.5020316696635,
    210.47075671499616,
    210.4966252402519,
    210.51263810934725,
    210.49959814820684,
    210.498390910574,
    210.45000136366596,
    210.4783807268444
  ],
  "final_MAE_post": 210.4783807268444,
  "initial_MAE": 185.87341303891776,
  "MAE_improvement": -0.13237486354566763,
  "io_fire_count": 30000,
  "io_fire_rate_hz": 500.0,
  "io_fire_interval_mean": 1.0,
  "condition": "f4_continuous",
  "io_mode": "continuous",
  "io_firing_rate_hz": 500.0,
  "online_lr": 0.0005,
  "seed": 9
}