{
  "experiment": "2b",
  "seed": 1,
  "disturbance_levels": {
    "light_30Nm": {
      "PD+CfC": {
        "peak_err_rad": 0.6523169114130245,
        "mae_post_mrad": 124.98991083667488,
        "recovery_time_s": 0.3059999999998575
      },
      "Full": {
        "peak_err_rad": 0.6839317880946989,
        "mae_post_mrad": 122.35172885623383,
        "recovery_time_s": 0.24399999999986433
      }
    },
    "medium_60Nm": {
      "PD+CfC": {
        "peak_err_rad": 0.6836099512430429,
        "mae_post_mrad": 126.32711637557153,
        "recovery_time_s": 0.42799999999984406
      },
      "Full": {
        "peak_err_rad": 0.6605035272669089,
        "mae_post_mrad": 117.78238511349484,
        "recovery_time_s": 0.3539999999998522
      }
    },
    "heavy_87Nm": {
      "PD+CfC": {
        "peak_err_rad": 1.0366544170544079,
        "mae_post_mrad": 138.57349569089976,
        "recovery_time_s": 0.7319999999998106
      },
      "Full": {
        "peak_err_rad": 0.857783690236444,
        "mae_post_mrad": 135.38462642764466,
        "recovery_time_s": 0.6119999999998238
      }
    }
  }
}