{
  "experiment": "2c",
  "seed": 2,
  "sweep_name": "condition_sweep_2c/tau_035",
  "sim_duration_s": 9.0,
  "load_time_s": 3.0,
  "load_joint": 1,
  "load_torque_nm": -25.0,
  "endpoint_joint": 1,
  "cpg_amplitude": 0.3,
  "cpg_tau": 0.35,
  "conditions": {
    "CPG+CfC": {
      "ep_err_pre_mrad": 131.21424799201552,
      "ep_err_post_mrad": 228.1057953559908,
      "mae_post_mrad": 129.38605556759194,
      "recovery_time_s": 2.3639999999996313
    },
    "CPG+CfC+LIF_FB": {
      "ep_err_pre_mrad": 147.90405660586958,
      "ep_err_post_mrad": 295.76423826189716,
      "mae_post_mrad": 131.41478727004875,
      "recovery_time_s": 2.37599999999963
    }
  }
}