{
  "experiment": "e3",
  "seed": 1,
  "sweep_name": "sweep11",
  "ia_latency_ms": 20.0,
  "latency_ok": true,
  "results": {
    "D0": {
      "E3-PD": {
        "mae_mrad": 160.62072551188126,
        "peak_err_rad": 1.0117950279432397,
        "recovery_time_s": null,
        "mae_post_mrad": 749.7661442054283
      },
      "E3-cc": {
        "mae_mrad": 157.04548379297682,
        "peak_err_rad": 0.9885935215352664,
        "recovery_time_s": null,
        "mae_post_mrad": 738.1945795875463
      },
      "E3-ia_ib": {
        "mae_mrad": 159.11389357798814,
        "peak_err_rad": 0.9228509176640882,
        "recovery_time_s": null,
        "mae_post_mrad": 732.5326727211644
      },
      "E3-cc+ia_ib": {
        "mae_mrad": 156.15007517439844,
        "peak_err_rad": 0.9168773402746471,
        "recovery_time_s": null,
        "mae_post_mrad": 731.3282475438492
      }
    },
    "D1": {
      "E3-PD": {
        "mae_mrad": 255.4583499734526,
        "peak_err_rad": 1.8418295975947425,
        "recovery_time_s": null,
        "mae_post_mrad": 1567.6301591157899
      },
      "E3-cc": {
        "mae_mrad": 248.32925971313566,
        "peak_err_rad": 1.8019377625467325,
        "recovery_time_s": null,
        "mae_post_mrad": 1539.186706101978
      },
      "E3-ia_ib": {
        "mae_mrad": 243.45539855172544,
        "peak_err_rad": 1.7541177130489707,
        "recovery_time_s": null,
        "mae_post_mrad": 1553.4677449076746
      },
      "E3-cc+ia_ib": {
        "mae_mrad": 231.9697048305326,
        "peak_err_rad": 1.7425217746533377,
        "recovery_time_s": null,
        "mae_post_mrad": 1549.067374649519
      }
    },
    "D5": {
      "E3-PD": {
        "mae_mrad": 279.0169247966025,
        "peak_err_rad": 2.072245851173782,
        "recovery_time_s": null,
        "mae_post_mrad": 2059.768700502393
      },
      "E3-cc": {
        "mae_mrad": 274.845899911383,
        "peak_err_rad": 2.070211903560819,
        "recovery_time_s": null,
        "mae_post_mrad": 2060.221012932211
      },
      "E3-ia_ib": {
        "mae_mrad": 262.82811846481366,
        "peak_err_rad": 2.088565652828324,
        "recovery_time_s": null,
        "mae_post_mrad": 2054.796897237863
      },
      "E3-cc+ia_ib": {
        "mae_mrad": 257.66719899721153,
        "peak_err_rad": 2.088810165859053,
        "recovery_time_s": null,
        "mae_post_mrad": 2054.8721700638025
      }
    }
  }
}