{
  "block_maes_mrad": [
    185.97636760376943,
    210.52456563495898,
    210.5284614924191,
    210.53079379930833,
    210.53988151136505,
    210.51380659546757,
    210.510105228493,
    210.53251347385827,
    210.5202827315277,
    210.5154109369063
  ],
  "final_MAE_post": 210.5154109369063,
  "initial_MAE": 185.97636760376943,
  "MAE_improvement": -0.13194710515739508,
  "io_fire_count": 21,
  "io_fire_rate_hz": 0.35,
  "io_fire_interval_mean": 1403.9,
  "condition": "f4_1hz",
  "io_mode": "sparse",
  "io_firing_rate_hz": 1.0,
  "online_lr": 0.0005,
  "seed": 9
}