{
  "block_maes_mrad": [
    185.88379418130455,
    210.38887356813822,
    210.46040482222352,
    210.48956805326915,
    210.4856054262016,
    210.46732450046764,
    210.46163852647163,
    210.48177176292074,
    210.5019716232809,
    210.48209529266444
  ],
  "final_MAE_post": 210.48209529266444,
  "initial_MAE": 185.88379418130455,
  "MAE_improvement": -0.1323316065263615,
  "io_fire_count": 22734,
  "io_fire_rate_hz": 378.9,
  "io_fire_interval_mean": 1.3196,
  "condition": "f4_error_gated",
  "io_mode": "error_gated",
  "io_firing_rate_hz": 1.0,
  "online_lr": 0.0005,
  "seed": 9
}