{
  "experiment": "2b",
  "seed": 3,
  "sweep_name": "condition_sweep_2b/torque_75",
  "disturbance_time_s": 3.0,
  "disturbance_joint": 1,
  "disturbance_levels": {
    "torque_75": {
      "PD+CfC": {
        "peak_err_rad": 0.2404575601677749,
        "mae_post_mrad": 82.26793317379267,
        "recovery_time_s": 0.5679999999998286
      },
      "Full": {
        "peak_err_rad": 0.19028008451906864,
        "mae_post_mrad": 76.38361020292564,
        "recovery_time_s": 0.04199999999988657
      }
    }
  }
}