{
  "block_maes_mrad": [
    186.02154732227888,
    210.51913377568295,
    210.50826324651345,
    210.51570030077187,
    210.51714627563845,
    210.50326778601678,
    210.48763140864125,
    210.49962334857955,
    210.4970203220559,
    210.48658232300883
  ],
  "final_MAE_post": 210.48658232300883,
  "initial_MAE": 186.02154732227888,
  "MAE_improvement": -0.13151721052085014,
  "io_fire_count": 319,
  "io_fire_rate_hz": 5.3167,
  "io_fire_interval_mean": 94.1289,
  "condition": "f4_10hz",
  "io_mode": "sparse",
  "io_firing_rate_hz": 10.0,
  "online_lr": 0.0005,
  "seed": 6
}