{
  "experiment": "2c",
  "seed": 7,
  "sweep_name": "condition_sweep_2c/amp030_load25",
  "sim_duration_s": 9.0,
  "load_time_s": 3.0,
  "load_joint": 1,
  "load_torque_nm": -25.0,
  "endpoint_joint": 1,
  "cpg_amplitude": 0.3,
  "conditions": {
    "CPG+CfC": {
      "ep_err_pre_mrad": 138.2238156499723,
      "ep_err_post_mrad": 346.3795002385622,
      "mae_post_mrad": 135.66414613859388,
      "recovery_time_s": 1.5979999999997156
    },
    "CPG+CfC+LIF_FB": {
      "ep_err_pre_mrad": 140.28182784008595,
      "ep_err_post_mrad": 341.3843022571886,
      "mae_post_mrad": 133.84771187989494,
      "recovery_time_s": 1.5959999999997159
    }
  }
}