{
  "block_maes_mrad": [
    185.8624730804962,
    210.56351837305573,
    210.533661462518,
    210.55920542222478,
    210.54056812520713,
    210.55296192730702,
    210.54738938723918,
    210.5539461699846,
    210.5680118445683,
    210.56386974957456
  ],
  "final_MAE_post": 210.56386974957456,
  "initial_MAE": 185.8624730804962,
  "MAE_improvement": -0.13290147418972206,
  "io_fire_count": 336,
  "io_fire_rate_hz": 5.6,
  "io_fire_interval_mean": 89.2328,
  "condition": "f4_10hz",
  "io_mode": "sparse",
  "io_firing_rate_hz": 10.0,
  "online_lr": 0.0005,
  "seed": 3
}