{
  "experiment": "2b",
  "seed": 9,
  "sweep_name": "condition_sweep_2b/torque_45",
  "disturbance_time_s": 3.0,
  "disturbance_joint": 1,
  "disturbance_levels": {
    "torque_45": {
      "PD+CfC": {
        "peak_err_rad": 0.5726149101084528,
        "mae_post_mrad": 125.44379394981294,
        "recovery_time_s": 0.04199999999988657
      },
      "Full": {
        "peak_err_rad": 0.6806518756393602,
        "mae_post_mrad": 124.7149369045021,
        "recovery_time_s": 0.5939999999998258
      }
    }
  }
}