{
  "experiment": "2c",
  "seed": 2,
  "sweep_name": "condition_sweep_2c/tau_035_taur050",
  "sim_duration_s": 9.0,
  "load_time_s": 3.0,
  "load_joint": 1,
  "load_torque_nm": -25.0,
  "endpoint_joint": 1,
  "cpg_amplitude": 0.3,
  "cpg_tau": 0.35,
  "cpg_tau_r": 0.5,
  "conditions": {
    "CPG+CfC": {
      "ep_err_pre_mrad": 171.87004815318605,
      "ep_err_post_mrad": 222.924032356583,
      "mae_post_mrad": 134.34840388101807,
      "recovery_time_s": 1.4699999999997297
    },
    "CPG+CfC+LIF_FB": {
      "ep_err_pre_mrad": 139.91404624178423,
      "ep_err_post_mrad": 199.92612168784257,
      "mae_post_mrad": 132.3964918887438,
      "recovery_time_s": 0.35999999999985155
    }
  }
}