{
  "experiment": "2b",
  "seed": 2,
  "sweep_name": "condition_sweep_2b/joint3_60Nm",
  "disturbance_time_s": 3.0,
  "disturbance_joint": 3,
  "q_init_noise": 0.0,
  "disturbance_levels": {
    "joint3_60Nm": {
      "PD+CfC": {
        "peak_err_rad": 0.4603502379689426,
        "mae_post_mrad": 132.92484851534863,
        "recovery_time_s": 1.1559999999997643
      },
      "Full": {
        "peak_err_rad": 0.4139415730590421,
        "mae_post_mrad": 111.38230477215859,
        "recovery_time_s": 0.673999999999817
      }
    }
  }
}