{
  "experiment": "ef",
  "seed": 7,
  "sweep_name": "sweep11",
  "fwd_model_loaded": true,
  "results": {
    "D0": {
      "EF-PD": {
        "mae_mrad": 160.66851109722765,
        "mae_post_mrad": 750.6808204066315,
        "peak_err_rad": 1.0192243083970443,
        "recovery_time_s": null,
        "energy_J": 9344.28563918082,
        "energy_post_J": 5095.428553686938,
        "jerk": 54270940607067.22,
        "jerk_post": 25693630426946.91,
        "cc_ratio": 0.0,
        "pred_err_mrad": NaN
      },
      "EF-E4": {
        "mae_mrad": 161.64314823175755,
        "mae_post_mrad": 664.9831545051231,
        "peak_err_rad": 0.910564707307044,
        "recovery_time_s": null,
        "energy_J": 8712.108194113682,
        "energy_post_J": 4995.376430215812,
        "jerk": 54320667181025.28,
        "jerk_post": 25702643870016.125,
        "cc_ratio": 0.45378650077250515,
        "pred_err_mrad": NaN
      },
      "EF-cereb": {
        "mae_mrad": 105.96863073893638,
        "mae_post_mrad": 401.5861076840623,
        "peak_err_rad": 0.6166480629511754,
        "recovery_time_s": null,
        "energy_J": 7227.6896990965815,
        "energy_post_J": 3898.989282101174,
        "jerk": 54384908556750.75,
        "jerk_post": 26519787845418.64,
        "cc_ratio": 0.0,
        "pred_err_mrad": 0.17988151228109814
      },
      "EF-full": {
        "mae_mrad": 119.21302204418588,
        "mae_post_mrad": 371.3612159538435,
        "peak_err_rad": 0.5570067202283169,
        "recovery_time_s": null,
        "energy_J": 7204.901738895888,
        "energy_post_J": 4098.907141729708,
        "jerk": 54151445451185.2,
        "jerk_post": 26486078409138.918,
        "cc_ratio": 0.44121712926463863,
        "pred_err_mrad": 0.26199135087703257
      }
    },
    "D1": {
      "EF-PD": {
        "mae_mrad": 255.4891057910249,
        "mae_post_mrad": 1568.7570652426211,
        "peak_err_rad": 1.848856001949866,
        "recovery_time_s": null,
        "energy_J": 8705.828825170529,
        "energy_post_J": 4714.652428135862,
        "jerk": 55524182082856.69,
        "jerk_post": 25657470385506.914,
        "cc_ratio": 0.0,
        "pred_err_mrad": NaN
      },
      "EF-E4": {
        "mae_mrad": 224.5826901737876,
        "mae_post_mrad": 1464.7574653904423,
        "peak_err_rad": 1.7070899944124522,
        "recovery_time_s": null,
        "energy_J": 9335.152085179341,
        "energy_post_J": 5553.980253959293,
        "jerk": 55914756246902.19,
        "jerk_post": 25724417154487.023,
        "cc_ratio": 0.5054474433289639,
        "pred_err_mrad": NaN
      },
      "EF-cereb": {
        "mae_mrad": 160.65305773579166,
        "mae_post_mrad": 751.0208911874828,
        "peak_err_rad": 1.020297199937078,
        "recovery_time_s": null,
        "energy_J": 9347.311400835972,
        "energy_post_J": 5099.763495185716,
        "jerk": 55238931970544.24,
        "jerk_post": 26133237245897.258,
        "cc_ratio": 0.0,
        "pred_err_mrad": 0.2015783900087741
      },
      "EF-full": {
        "mae_mrad": 161.6746141550938,
        "mae_post_mrad": 665.9489584425293,
        "peak_err_rad": 0.9123131163095048,
        "recovery_time_s": null,
        "energy_J": 8713.684427832992,
        "energy_post_J": 4996.83334812671,
        "jerk": 55281531022892.69,
        "jerk_post": 26137767717908.74,
        "cc_ratio": 0.45365612142086714,
        "pred_err_mrad": 0.31279447929075604
      }
    },
    "D5": {
      "EF-PD": {
        "mae_mrad": 279.01793143700894,
        "mae_post_mrad": 2059.9717170674,
        "peak_err_rad": 2.0709142236555937,
        "recovery_time_s": null,
        "energy_J": 39369.05709348767,
        "energy_post_J": 22414.669517705486,
        "jerk": 51465986447581.12,
        "jerk_post": 25438968406542.527,
        "cc_ratio": 0.0,
        "pred_err_mrad": NaN
      },
      "EF-E4": {
        "mae_mrad": 262.34483629157296,
        "mae_post_mrad": 2061.312968665471,
        "peak_err_rad": 2.0878024591187847,
        "recovery_time_s": null,
        "energy_J": 37238.83897239722,
        "energy_post_J": 22868.502937910038,
        "jerk": 55002199790297.64,
        "jerk_post": 25944055843254.0,
        "cc_ratio": 0.3872896483968998,
        "pred_err_mrad": NaN
      },
      "EF-cereb": {
        "mae_mrad": 264.5097933550925,
        "mae_post_mrad": 2060.9819354532374,
        "peak_err_rad": 2.068453566757194,
        "recovery_time_s": null,
        "energy_J": 39321.71443197403,
        "energy_post_J": 22416.02530814349,
        "jerk": 52205380939414.0,
        "jerk_post": 26007895291343.8,
        "cc_ratio": 0.0,
        "pred_err_mrad": 0.2731397828996792
      },
      "EF-full": {
        "mae_mrad": 198.00126295626166,
        "mae_post_mrad": 1842.471395895821,
        "peak_err_rad": 2.088076200028763,
        "recovery_time_s": null,
        "energy_J": 26506.252493101827,
        "energy_post_J": 23095.15682383538,
        "jerk": 54304402100508.09,
        "jerk_post": 26297338976101.426,
        "cc_ratio": 0.3527054327115332,
        "pred_err_mrad": 0.3325071753021568
      }
    }
  }
}