{
  "block_maes_mrad": [
    185.83256286218324,
    210.5056121937956,
    210.502273211232,
    210.5196756132457,
    210.4953757601905,
    210.50733625672663,
    210.50574853601168,
    210.49251041554012,
    210.51893752077,
    210.51225022321273
  ],
  "final_MAE_post": 210.51225022321273,
  "initial_MAE": 185.83256286218324,
  "MAE_improvement": -0.13280604314325464,
  "io_fire_count": 28,
  "io_fire_rate_hz": 0.4667,
  "io_fire_interval_mean": 1036.5926,
  "condition": "f4_1hz",
  "io_mode": "sparse",
  "io_firing_rate_hz": 1.0,
  "online_lr": 0.0005,
  "seed": 1
}