{
  "experiment": "2b",
  "seed": 2,
  "sweep_name": "condition_sweep_2b/torque_45",
  "disturbance_time_s": 3.0,
  "disturbance_joint": 1,
  "disturbance_levels": {
    "torque_45": {
      "PD+CfC": {
        "peak_err_rad": 0.31695711997928994,
        "mae_post_mrad": 107.98162864421202,
        "recovery_time_s": 1.4799999999997286
      },
      "Full": {
        "peak_err_rad": 0.3231522049258408,
        "mae_post_mrad": 101.07158810031922,
        "recovery_time_s": 0.04199999999988657
      }
    }
  }
}