{
  "experiment": "2c",
  "seed": 7,
  "sweep_name": "condition_sweep_2c/amp025_load20",
  "sim_duration_s": 9.0,
  "load_time_s": 3.0,
  "load_joint": 1,
  "load_torque_nm": -20.0,
  "endpoint_joint": 1,
  "cpg_amplitude": 0.25,
  "conditions": {
    "CPG+CfC": {
      "ep_err_pre_mrad": 122.3722442101444,
      "ep_err_post_mrad": 285.8964987172287,
      "mae_post_mrad": 121.97375324928255,
      "recovery_time_s": 1.5979999999997156
    },
    "CPG+CfC+LIF_FB": {
      "ep_err_pre_mrad": 121.75735008617605,
      "ep_err_post_mrad": 288.40893369573024,
      "mae_post_mrad": 120.2610856652465,
      "recovery_time_s": 1.593999999999716
    }
  }
}