{
  "experiment": "2b",
  "seed": 3,
  "sweep_name": "condition_sweep_2b/timing_early",
  "disturbance_time_s": 2.0,
  "disturbance_joint": 1,
  "disturbance_levels": {
    "timing_early": {
      "PD+CfC": {
        "peak_err_rad": 0.220126537255552,
        "mae_post_mrad": 79.49531406512459,
        "recovery_time_s": 0.32199999999996587
      },
      "Full": {
        "peak_err_rad": 0.24799106055484366,
        "mae_post_mrad": 78.3509612573627,
        "recovery_time_s": 0.03999999999999693
      }
    }
  }
}