{
  "experiment": "2d",
  "seed": 8,
  "conditions": {
    "PD": {
      "static_mae_mrad": 160.48975443035005,
      "peak_err_rad": 1.0109409266192446,
      "recovery_time_s": null
    },
    "PD+CfC": {
      "static_mae_mrad": 115.8593029190689,
      "peak_err_rad": 0.16417102957406532,
      "recovery_time_s": 0.04199999999977688
    },
    "Full": {
      "static_mae_mrad": 115.54534281555611,
      "peak_err_rad": 0.24056039951625827,
      "recovery_time_s": 0.04199999999977688
    }
  }
}