{
  "experiment": "2b",
  "seed": 42,
  "sweep_name": "condition_sweep_2b/timing_mid",
  "disturbance_time_s": 3.0,
  "disturbance_joint": 1,
  "disturbance_levels": {
    "timing_mid": {
      "PD+CfC": {
        "peak_err_rad": 0.2103782187412519,
        "mae_post_mrad": 114.26268903963522,
        "recovery_time_s": 0.05599999999988503
      },
      "Full": {
        "peak_err_rad": 0.2083569862381353,
        "mae_post_mrad": 113.03335870231068,
        "recovery_time_s": 0.04599999999988613
      }
    }
  }
}