{
  "experiment": "2c",
  "seed": 9,
  "sweep_name": "condition_sweep_2c/tau_020",
  "sim_duration_s": 9.0,
  "load_time_s": 3.0,
  "load_joint": 1,
  "load_torque_nm": -25.0,
  "endpoint_joint": 1,
  "cpg_amplitude": 0.3,
  "cpg_tau": 0.2,
  "conditions": {
    "CPG+CfC": {
      "ep_err_pre_mrad": 239.49238015375295,
      "ep_err_post_mrad": 355.7165066055251,
      "mae_post_mrad": 125.35184385635448,
      "recovery_time_s": 1.5779999999997179
    },
    "CPG+CfC+LIF_FB": {
      "ep_err_pre_mrad": 216.25092455742313,
      "ep_err_post_mrad": 386.15590719701765,
      "mae_post_mrad": 128.14185995153852,
      "recovery_time_s": 1.5619999999997196
    }
  }
}