{
  "experiment": "2c",
  "seed": 3,
  "sweep_name": "condition_sweep_2c/tau_020_taur050",
  "sim_duration_s": 9.0,
  "load_time_s": 3.0,
  "load_joint": 1,
  "load_torque_nm": -25.0,
  "endpoint_joint": 1,
  "cpg_amplitude": 0.3,
  "cpg_tau": 0.2,
  "cpg_tau_r": 0.5,
  "conditions": {
    "CPG+CfC": {
      "ep_err_pre_mrad": 183.1834323810913,
      "ep_err_post_mrad": 252.12245199134998,
      "mae_post_mrad": 126.64390850629873,
      "recovery_time_s": 0.4759999999998388
    },
    "CPG+CfC+LIF_FB": {
      "ep_err_pre_mrad": 210.9456687026656,
      "ep_err_post_mrad": 260.9877973913074,
      "mae_post_mrad": 138.8307429321838,
      "recovery_time_s": 0.473999999999839
    }
  }
}