{
  "experiment": "2c",
  "seed": 8,
  "sweep_name": "condition_sweep_2c/amp030_load25",
  "sim_duration_s": 9.0,
  "load_time_s": 3.0,
  "load_joint": 1,
  "load_torque_nm": -25.0,
  "endpoint_joint": 1,
  "cpg_amplitude": 0.3,
  "conditions": {
    "CPG+CfC": {
      "ep_err_pre_mrad": 339.162510760568,
      "ep_err_post_mrad": 458.39809648722394,
      "mae_post_mrad": 152.0085102973907,
      "recovery_time_s": 0.4639999999998401
    },
    "CPG+CfC+LIF_FB": {
      "ep_err_pre_mrad": 354.86695872287567,
      "ep_err_post_mrad": 440.8765750868205,
      "mae_post_mrad": 152.70761784638108,
      "recovery_time_s": 0.43799999999984296
    }
  }
}