{
  "experiment": "2c",
  "seed": 9,
  "sweep_name": "condition_sweep_2c/tau_025_taur050",
  "sim_duration_s": 9.0,
  "load_time_s": 3.0,
  "load_joint": 1,
  "load_torque_nm": -25.0,
  "endpoint_joint": 1,
  "cpg_amplitude": 0.3,
  "cpg_tau": 0.25,
  "cpg_tau_r": 0.5,
  "conditions": {
    "CPG+CfC": {
      "ep_err_pre_mrad": 177.56351412133674,
      "ep_err_post_mrad": 382.5414045554612,
      "mae_post_mrad": 138.0069447548208,
      "recovery_time_s": null
    },
    "CPG+CfC+LIF_FB": {
      "ep_err_pre_mrad": 165.59422818081794,
      "ep_err_post_mrad": 369.6833339964382,
      "mae_post_mrad": 132.03641035188494,
      "recovery_time_s": 4.64399999999938
    }
  }
}