{
  "block_maes_mrad": [
    186.04815954305224,
    210.5058709238761,
    210.52236104916557,
    210.47764447797005,
    210.4128948082426,
    210.4196680091664,
    210.4747112207516,
    210.38942193591734,
    210.47108392384322,
    210.47108860244577
  ],
  "final_MAE_post": 210.47108860244577,
  "initial_MAE": 186.04815954305224,
  "MAE_improvement": -0.13127208094531412,
  "io_fire_count": 30000,
  "io_fire_rate_hz": 500.0,
  "io_fire_interval_mean": 1.0,
  "condition": "f4_continuous",
  "io_mode": "continuous",
  "io_firing_rate_hz": 500.0,
  "online_lr": 0.0005,
  "seed": 2
}