{
  "block_maes_mrad": [
    186.00249858988514,
    210.52771614469853,
    210.50209554687524,
    210.50676714289224,
    210.51991355777432,
    210.52058912982164,
    210.51092134310298,
    210.51521799059103,
    210.50006461428006,
    210.50489331005653
  ],
  "final_MAE_post": 210.50489331005653,
  "initial_MAE": 186.00249858988514,
  "MAE_improvement": -0.1317315353599885,
  "io_fire_count": 294,
  "io_fire_rate_hz": 4.9,
  "io_fire_interval_mean": 101.0853,
  "condition": "f4_10hz",
  "io_mode": "sparse",
  "io_firing_rate_hz": 10.0,
  "online_lr": 0.0005,
  "seed": 8
}