{
  "experiment": "2b",
  "seed": 2,
  "sweep_name": "condition_sweep_2b/timing_late",
  "disturbance_time_s": 4.0,
  "disturbance_joint": 1,
  "disturbance_levels": {
    "timing_late": {
      "PD+CfC": {
        "peak_err_rad": 0.48466097718516077,
        "mae_post_mrad": 129.29960710699007,
        "recovery_time_s": 0.5779999999997179
      },
      "Full": {
        "peak_err_rad": 0.40905802424270205,
        "mae_post_mrad": 107.90860561581826,
        "recovery_time_s": 0.5759999999997181
      }
    }
  }
}