{
  "experiment": "2c",
  "seed": 8,
  "sweep_name": "condition_sweep_2c/amp025_load20",
  "sim_duration_s": 9.0,
  "load_time_s": 3.0,
  "load_joint": 1,
  "load_torque_nm": -20.0,
  "endpoint_joint": 1,
  "cpg_amplitude": 0.25,
  "conditions": {
    "CPG+CfC": {
      "ep_err_pre_mrad": 398.65074425997716,
      "ep_err_post_mrad": 371.2767308733965,
      "mae_post_mrad": 142.85909043681167,
      "recovery_time_s": 0.4639999999998401
    },
    "CPG+CfC+LIF_FB": {
      "ep_err_pre_mrad": 388.6058787051241,
      "ep_err_post_mrad": 345.91560931063515,
      "mae_post_mrad": 133.2317510061318,
      "recovery_time_s": 0.43799999999984296
    }
  }
}