{
  "experiment": "2b",
  "seed": 5,
  "sweep_name": "condition_sweep_2b/timing_mid",
  "disturbance_time_s": 3.0,
  "disturbance_joint": 1,
  "disturbance_levels": {
    "timing_mid": {
      "PD+CfC": {
        "peak_err_rad": 0.34074963351659115,
        "mae_post_mrad": 125.5658021119092,
        "recovery_time_s": 0.10999999999987908
      },
      "Full": {
        "peak_err_rad": 0.4046056507188941,
        "mae_post_mrad": 125.2884254004606,
        "recovery_time_s": 0.05399999999988525
      }
    }
  }
}