{
  "experiment": "2b",
  "seed": 42,
  "sweep_name": "condition_sweep_2b/torque_45",
  "disturbance_time_s": 3.0,
  "disturbance_joint": 1,
  "disturbance_levels": {
    "torque_45": {
      "PD+CfC": {
        "peak_err_rad": 0.2092715582407672,
        "mae_post_mrad": 115.0591782314901,
        "recovery_time_s": 0.05599999999988503
      },
      "Full": {
        "peak_err_rad": 0.20779091234902375,
        "mae_post_mrad": 112.8982271724384,
        "recovery_time_s": 0.04599999999988613
      }
    }
  }
}