{
  "experiment": "e1",
  "seed": 7,
  "sweep_name": "default",
  "static": {
    "E1-A0": {
      "mae_mrad": 130.16598456425368,
      "pred_err_mean_mrad": null
    },
    "E1-MLP": {
      "mae_mrad": 68.4303922581842,
      "pred_err_mean_mrad": null
    },
    "E1-fwd": {
      "mae_mrad": 103.71867306471299,
      "pred_err_mean_mrad": 103.75312090360292
    },
    "E1-fwd-online": {
      "mae_mrad": 103.70728550145563,
      "pred_err_mean_mrad": 103.77568770274382
    }
  },
  "disturbance": {
    "E1-A0": {
      "peak_err_rad": 0.3877575130483328,
      "mae_post_mrad": 122.65053767621816,
      "recovery_time_s": 0.0879999999998815,
      "adapt_time_s": null
    },
    "E1-MLP": {
      "peak_err_rad": 0.20170432437081437,
      "mae_post_mrad": 74.80497974650925,
      "recovery_time_s": 0.04199999999988657,
      "adapt_time_s": null
    },
    "E1-fwd": {
      "peak_err_rad": 0.6124071922100418,
      "mae_post_mrad": 110.89934300387856,
      "recovery_time_s": null,
      "adapt_time_s": null
    },
    "E1-fwd-online": {
      "peak_err_rad": 0.6123592605719903,
      "mae_post_mrad": 110.88833091945187,
      "recovery_time_s": null,
      "adapt_time_s": null
    }
  },
  "training": {
    "n_epochs": 300,
    "n_traj": 500,
    "fwd_final_loss": 0.16775429165363312
  }
}