{
  "experiment": "2b",
  "seed": 4,
  "sweep_name": "condition_sweep_2b/joint5_60Nm",
  "disturbance_time_s": 3.0,
  "disturbance_joint": 5,
  "q_init_noise": 0.0,
  "disturbance_levels": {
    "joint5_60Nm": {
      "PD+CfC": {
        "peak_err_rad": 0.17287919370336313,
        "mae_post_mrad": 89.1984795126021,
        "recovery_time_s": 0.04199999999988657
      },
      "Full": {
        "peak_err_rad": 0.1847264342567232,
        "mae_post_mrad": 86.60094808950016,
        "recovery_time_s": 0.04199999999988657
      }
    }
  }
}