{
  "experiment": "e3",
  "seed": 0,
  "sweep_name": "sweep11",
  "ia_latency_ms": 20.0,
  "latency_ok": true,
  "results": {
    "D0": {
      "E3-PD": {
        "mae_mrad": 160.67897207302985,
        "peak_err_rad": 1.0191843446568776,
        "recovery_time_s": null,
        "mae_post_mrad": 750.8615080433975
      },
      "E3-cc": {
        "mae_mrad": 157.0921783607152,
        "peak_err_rad": 0.9966500589297094,
        "recovery_time_s": null,
        "mae_post_mrad": 739.0363148784734
      },
      "E3-ia_ib": {
        "mae_mrad": 159.4278473019543,
        "peak_err_rad": 0.9312867784678667,
        "recovery_time_s": null,
        "mae_post_mrad": 733.4981631106933
      },
      "E3-cc+ia_ib": {
        "mae_mrad": 155.96364465697255,
        "peak_err_rad": 0.92581482381845,
        "recovery_time_s": null,
        "mae_post_mrad": 732.497275163698
      }
    },
    "D1": {
      "E3-PD": {
        "mae_mrad": 255.48367789670667,
        "peak_err_rad": 1.848028705898334,
        "recovery_time_s": null,
        "mae_post_mrad": 1568.6281830728435
      },
      "E3-cc": {
        "mae_mrad": 248.31536708080782,
        "peak_err_rad": 1.8061446415460922,
        "recovery_time_s": null,
        "mae_post_mrad": 1539.6450241300506
      },
      "E3-ia_ib": {
        "mae_mrad": 243.3862590936396,
        "peak_err_rad": 1.7581683479388268,
        "recovery_time_s": null,
        "mae_post_mrad": 1554.7518430504438
      },
      "E3-cc+ia_ib": {
        "mae_mrad": 231.81278886326513,
        "peak_err_rad": 1.7439981050596067,
        "recovery_time_s": null,
        "mae_post_mrad": 1550.260670763917
      }
    },
    "D5": {
      "E3-PD": {
        "mae_mrad": 279.0280014415932,
        "peak_err_rad": 2.0714451612680627,
        "recovery_time_s": null,
        "mae_post_mrad": 2059.939140741048
      },
      "E3-cc": {
        "mae_mrad": 274.84837265752543,
        "peak_err_rad": 2.0693710016283755,
        "recovery_time_s": null,
        "mae_post_mrad": 2060.361400667
      },
      "E3-ia_ib": {
        "mae_mrad": 262.6099697681449,
        "peak_err_rad": 2.0942784395981473,
        "recovery_time_s": null,
        "mae_post_mrad": 2053.0541587726584
      },
      "E3-cc+ia_ib": {
        "mae_mrad": 258.01064606910336,
        "peak_err_rad": 2.09113519030504,
        "recovery_time_s": null,
        "mae_post_mrad": 2054.2546850860736
      }
    }
  }
}