{
  "experiment": "e2",
  "seed": 8,
  "sweep_name": "sweep11",
  "results": {
    "D0": {
      "E2-PD": {
        "mae_mrad": 160.68026787627625,
        "peak_err_rad": 1.0195787591334247,
        "recovery_time_s": null,
        "mae_post_mrad": 751.1352769513139
      },
      "E2-reflex": {
        "mae_mrad": 142.41080990476124,
        "peak_err_rad": 0.8721955098698784,
        "recovery_time_s": null,
        "mae_post_mrad": 606.9130284798241
      },
      "E2-cc": {
        "mae_mrad": 157.083445154807,
        "peak_err_rad": 0.9963574168607898,
        "recovery_time_s": null,
        "mae_post_mrad": 739.0971315606643
      },
      "E2-cc+ref": {
        "mae_mrad": 138.80461240927306,
        "peak_err_rad": 0.8483857380375635,
        "recovery_time_s": null,
        "mae_post_mrad": 596.2313219471868
      }
    },
    "D1": {
      "E2-PD": {
        "mae_mrad": 255.47261156269684,
        "peak_err_rad": 1.8408516704713356,
        "recovery_time_s": null,
        "mae_post_mrad": 1567.762048486302
      },
      "E2-reflex": {
        "mae_mrad": 246.31537304004684,
        "peak_err_rad": 1.7822000054605025,
        "recovery_time_s": null,
        "mae_post_mrad": 1505.7918666502421
      },
      "E2-cc": {
        "mae_mrad": 248.33879538257708,
        "peak_err_rad": 1.7996600759612902,
        "recovery_time_s": null,
        "mae_post_mrad": 1539.3186184464469
      },
      "E2-cc+ref": {
        "mae_mrad": 239.08332934136232,
        "peak_err_rad": 1.7409514373523534,
        "recovery_time_s": null,
        "mae_post_mrad": 1476.428714575701
      }
    },
    "D5": {
      "E2-PD": {
        "mae_mrad": 279.05297770836876,
        "peak_err_rad": 2.071937113841814,
        "recovery_time_s": null,
        "mae_post_mrad": 2060.2347867538847
      },
      "E2-reflex": {
        "mae_mrad": 277.1978781253905,
        "peak_err_rad": 2.0717008884293704,
        "recovery_time_s": null,
        "mae_post_mrad": 2060.322694382717
      },
      "E2-cc": {
        "mae_mrad": 274.87707399757136,
        "peak_err_rad": 2.071700079805943,
        "recovery_time_s": null,
        "mae_post_mrad": 2060.605714519385
      },
      "E2-cc+ref": {
        "mae_mrad": 273.09482512079256,
        "peak_err_rad": 2.071699747160609,
        "recovery_time_s": null,
        "mae_post_mrad": 2060.7177523201494
      }
    }
  }
}