{
  "experiment": "e2",
  "seed": 1,
  "sweep_name": "sweep11",
  "results": {
    "D0": {
      "E2-PD": {
        "mae_mrad": 160.62072551188126,
        "peak_err_rad": 1.0117950279432397,
        "recovery_time_s": null,
        "mae_post_mrad": 749.7661442054283
      },
      "E2-reflex": {
        "mae_mrad": 142.38873651668607,
        "peak_err_rad": 0.8640825753806645,
        "recovery_time_s": null,
        "mae_post_mrad": 605.1729886568912
      },
      "E2-cc": {
        "mae_mrad": 157.04548379297682,
        "peak_err_rad": 0.9885935215352664,
        "recovery_time_s": null,
        "mae_post_mrad": 738.1945795875463
      },
      "E2-cc+ref": {
        "mae_mrad": 138.71665963118912,
        "peak_err_rad": 0.8433717772426419,
        "recovery_time_s": null,
        "mae_post_mrad": 595.6378504948368
      }
    },
    "D1": {
      "E2-PD": {
        "mae_mrad": 255.4583499734526,
        "peak_err_rad": 1.8418295975947425,
        "recovery_time_s": null,
        "mae_post_mrad": 1567.6301591157899
      },
      "E2-reflex": {
        "mae_mrad": 246.30235267025915,
        "peak_err_rad": 1.7826235444891536,
        "recovery_time_s": null,
        "mae_post_mrad": 1505.6433634404511
      },
      "E2-cc": {
        "mae_mrad": 248.32925971313566,
        "peak_err_rad": 1.8019377625467325,
        "recovery_time_s": null,
        "mae_post_mrad": 1539.186706101978
      },
      "E2-cc+ref": {
        "mae_mrad": 239.0818470939379,
        "peak_err_rad": 1.7420701275107948,
        "recovery_time_s": null,
        "mae_post_mrad": 1476.5465502615186
      }
    },
    "D5": {
      "E2-PD": {
        "mae_mrad": 279.0169247966025,
        "peak_err_rad": 2.072245851173782,
        "recovery_time_s": null,
        "mae_post_mrad": 2059.768700502393
      },
      "E2-reflex": {
        "mae_mrad": 277.144352120241,
        "peak_err_rad": 2.0712544416032714,
        "recovery_time_s": null,
        "mae_post_mrad": 2059.911863196085
      },
      "E2-cc": {
        "mae_mrad": 274.845899911383,
        "peak_err_rad": 2.070211903560819,
        "recovery_time_s": null,
        "mae_post_mrad": 2060.221012932211
      },
      "E2-cc+ref": {
        "mae_mrad": 273.11839863480543,
        "peak_err_rad": 2.0693280312502327,
        "recovery_time_s": null,
        "mae_post_mrad": 2060.3933062961073
      }
    }
  }
}