{
  "experiment": "2c",
  "seed": 5,
  "sweep_name": "condition_sweep_2c/tau_035",
  "sim_duration_s": 9.0,
  "load_time_s": 3.0,
  "load_joint": 1,
  "load_torque_nm": -25.0,
  "endpoint_joint": 1,
  "cpg_amplitude": 0.3,
  "cpg_tau": 0.35,
  "conditions": {
    "CPG+CfC": {
      "ep_err_pre_mrad": 360.8998616525385,
      "ep_err_post_mrad": 221.67481905490368,
      "mae_post_mrad": 135.15820996947252,
      "recovery_time_s": 1.0419999999997769
    },
    "CPG+CfC+LIF_FB": {
      "ep_err_pre_mrad": 370.96027119646,
      "ep_err_post_mrad": 214.02077190409327,
      "mae_post_mrad": 135.06192688431543,
      "recovery_time_s": 1.0619999999997747
    }
  }
}