{
  "experiment": "2c",
  "seed": 42,
  "sweep_name": "condition_sweep_2c/amp030_load25",
  "sim_duration_s": 9.0,
  "load_time_s": 3.0,
  "load_joint": 1,
  "load_torque_nm": -25.0,
  "endpoint_joint": 1,
  "cpg_amplitude": 0.3,
  "conditions": {
    "CPG+CfC": {
      "ep_err_pre_mrad": 202.2918231893677,
      "ep_err_post_mrad": 329.3430827771036,
      "mae_post_mrad": 129.45323825569764,
      "recovery_time_s": 3.865999999999466
    },
    "CPG+CfC+LIF_FB": {
      "ep_err_pre_mrad": 211.374606342424,
      "ep_err_post_mrad": 298.3941841779684,
      "mae_post_mrad": 125.32132579293739,
      "recovery_time_s": 3.871999999999465
    }
  }
}