{
  "block_maes_mrad": [
    185.83072309026483,
    210.50293086527284,
    210.50730881908547,
    210.52939309404212,
    210.5094247571781,
    210.52135665518495,
    210.5164979094498,
    210.50437860072552,
    210.53111517175958,
    210.52424679818773
  ],
  "final_MAE_post": 210.52424679818773,
  "initial_MAE": 185.83072309026483,
  "MAE_improvement": -0.13288181468139407,
  "io_fire_count": 299,
  "io_fire_rate_hz": 4.9833,
  "io_fire_interval_mean": 99.8624,
  "condition": "f4_10hz",
  "io_mode": "sparse",
  "io_firing_rate_hz": 10.0,
  "online_lr": 0.0005,
  "seed": 1
}