{
  "block_maes_mrad": [
    185.90339463662716,
    210.4934602470717,
    210.48744378973902,
    210.49923736582141,
    210.51329092092863,
    210.51140746644552,
    210.51762107487107,
    210.51189708870447,
    210.50010448733778,
    210.4838972359486
  ],
  "final_MAE_post": 210.4838972359486,
  "initial_MAE": 185.90339463662716,
  "MAE_improvement": -0.13222191368390598,
  "io_fire_count": 22689,
  "io_fire_rate_hz": 378.15,
  "io_fire_interval_mean": 1.3222,
  "condition": "f4_error_gated",
  "io_mode": "error_gated",
  "io_firing_rate_hz": 1.0,
  "online_lr": 0.0005,
  "seed": 7
}