{
  "experiment": "2b",
  "seed": 9,
  "sweep_name": "condition_sweep_2b/timing_mid",
  "disturbance_time_s": 3.0,
  "disturbance_joint": 1,
  "disturbance_levels": {
    "timing_mid": {
      "PD+CfC": {
        "peak_err_rad": 0.5746754057089718,
        "mae_post_mrad": 125.51482994372962,
        "recovery_time_s": 0.04199999999988657
      },
      "Full": {
        "peak_err_rad": 0.6868029594122543,
        "mae_post_mrad": 125.21920229142083,
        "recovery_time_s": 0.5979999999998253
      }
    }
  }
}