{
  "experiment": "2c",
  "seed": 5,
  "sweep_name": "condition_sweep_2c/amp035_load30",
  "sim_duration_s": 9.0,
  "load_time_s": 3.0,
  "load_joint": 1,
  "load_torque_nm": -30.0,
  "endpoint_joint": 1,
  "cpg_amplitude": 0.35,
  "conditions": {
    "CPG+CfC": {
      "ep_err_pre_mrad": 274.9688345143249,
      "ep_err_post_mrad": 495.82134826304525,
      "mae_post_mrad": 149.45364011992694,
      "recovery_time_s": 1.5979999999997156
    },
    "CPG+CfC+LIF_FB": {
      "ep_err_pre_mrad": 239.18765357323977,
      "ep_err_post_mrad": 461.32919890928486,
      "mae_post_mrad": 150.64723952553172,
      "recovery_time_s": 1.6279999999997123
    }
  }
}