{
  "experiment": "2b",
  "seed": 7,
  "sweep_name": "condition_sweep_2b/torque_75",
  "disturbance_time_s": 3.0,
  "disturbance_joint": 1,
  "disturbance_levels": {
    "torque_75": {
      "PD+CfC": {
        "peak_err_rad": 0.38778733246705893,
        "mae_post_mrad": 122.50150874041812,
        "recovery_time_s": 0.0879999999998815
      },
      "Full": {
        "peak_err_rad": 0.34597895273201135,
        "mae_post_mrad": 124.8168218830579,
        "recovery_time_s": 0.6539999999998192
      }
    }
  }
}