{
  "block_maes_mrad": [
    185.8089480846428,
    210.53151209874713,
    210.54066054988814,
    210.54406083971506,
    210.5251314339155,
    210.5476659725935,
    210.50850203919305,
    210.47617694189407,
    210.4922229488631,
    210.47954830872374
  ],
  "final_MAE_post": 210.47954830872374,
  "initial_MAE": 185.8089480846428,
  "MAE_improvement": -0.1327740158816776,
  "io_fire_count": 30000,
  "io_fire_rate_hz": 500.0,
  "io_fire_interval_mean": 1.0,
  "condition": "f4_continuous",
  "io_mode": "continuous",
  "io_firing_rate_hz": 500.0,
  "online_lr": 0.0005,
  "seed": 1
}