{
  "block_maes_mrad": [
    185.9265845834284,
    210.51718024313678,
    210.4878859543474,
    210.4901109764989,
    210.50819102916336,
    210.51752982307877,
    210.49185462133764,
    210.49661697141943,
    210.50076906575504,
    210.4881913434236
  ],
  "final_MAE_post": 210.4881913434236,
  "initial_MAE": 185.9265845834284,
  "MAE_improvement": -0.13210379147712417,
  "io_fire_count": 21,
  "io_fire_rate_hz": 0.35,
  "io_fire_interval_mean": 1380.55,
  "condition": "f4_1hz",
  "io_mode": "sparse",
  "io_firing_rate_hz": 1.0,
  "online_lr": 0.0005,
  "seed": 7
}