{
  "experiment": "2c",
  "seed": 8,
  "conditions": {
    "CPG+CfC": {
      "ep_err_pre_mrad": 339.16247067743717,
      "ep_err_post_mrad": 458.40597808258,
      "mae_post_mrad": 152.00837605404658,
      "recovery_time_s": 0.4639999999998401
    },
    "CPG+CfC+LIF_FB": {
      "ep_err_pre_mrad": 354.866932311739,
      "ep_err_post_mrad": 440.8803934702582,
      "mae_post_mrad": 152.7084950744036,
      "recovery_time_s": 0.43799999999984296
    }
  }
}