{
  "experiment": "2b",
  "seed": 8,
  "sweep_name": "condition_sweep_2b/joint5_60Nm",
  "disturbance_time_s": 3.0,
  "disturbance_joint": 5,
  "q_init_noise": 0.0,
  "disturbance_levels": {
    "joint5_60Nm": {
      "PD+CfC": {
        "peak_err_rad": 0.2415019859334635,
        "mae_post_mrad": 125.01931456665616,
        "recovery_time_s": 0.04199999999988657
      },
      "Full": {
        "peak_err_rad": 0.23755943670902258,
        "mae_post_mrad": 120.49144271342696,
        "recovery_time_s": 0.04199999999988657
      }
    }
  }
}