{
  "experiment": "2c",
  "seed": 42,
  "sweep_name": "condition_sweep_2c/amp025_load20",
  "sim_duration_s": 9.0,
  "load_time_s": 3.0,
  "load_joint": 1,
  "load_torque_nm": -20.0,
  "endpoint_joint": 1,
  "cpg_amplitude": 0.25,
  "conditions": {
    "CPG+CfC": {
      "ep_err_pre_mrad": 214.80691202766553,
      "ep_err_post_mrad": 259.590477409554,
      "mae_post_mrad": 122.7022427832604,
      "recovery_time_s": 1.5979999999997156
    },
    "CPG+CfC+LIF_FB": {
      "ep_err_pre_mrad": 208.83120707225152,
      "ep_err_post_mrad": 231.92284530562316,
      "mae_post_mrad": 116.72075984456518,
      "recovery_time_s": 1.6079999999997145
    }
  }
}