{
  "experiment": "2b",
  "seed": 4,
  "disturbance_levels": {
    "light_30Nm": {
      "PD+CfC": {
        "peak_err_rad": 0.4016825347175213,
        "mae_post_mrad": 90.49600496490172,
        "recovery_time_s": 0.3239999999998555
      },
      "Full": {
        "peak_err_rad": 0.3755384992204117,
        "mae_post_mrad": 80.90819429774635,
        "recovery_time_s": 0.1879999999998705
      }
    },
    "medium_60Nm": {
      "PD+CfC": {
        "peak_err_rad": 0.5578472507450369,
        "mae_post_mrad": 95.10926547852591,
        "recovery_time_s": 0.4259999999998443
      },
      "Full": {
        "peak_err_rad": 0.3688282226602766,
        "mae_post_mrad": 83.03353548922321,
        "recovery_time_s": 0.2979999999998584
      }
    },
    "heavy_87Nm": {
      "PD+CfC": {
        "peak_err_rad": 0.9587429679974275,
        "mae_post_mrad": 121.62959733190253,
        "recovery_time_s": 0.6639999999998181
      },
      "Full": {
        "peak_err_rad": 0.7231129628457373,
        "mae_post_mrad": 99.63957477874973,
        "recovery_time_s": 0.5419999999998315
      }
    }
  }
}