{
  "experiment": "2c",
  "seed": 42,
  "sweep_name": "condition_sweep_2c/tau_035",
  "sim_duration_s": 9.0,
  "load_time_s": 3.0,
  "load_joint": 1,
  "load_torque_nm": -25.0,
  "endpoint_joint": 1,
  "cpg_amplitude": 0.3,
  "cpg_tau": 0.35,
  "conditions": {
    "CPG+CfC": {
      "ep_err_pre_mrad": 237.7287507305591,
      "ep_err_post_mrad": 338.02542365799104,
      "mae_post_mrad": 119.12739403393978,
      "recovery_time_s": 5.011999999999345
    },
    "CPG+CfC+LIF_FB": {
      "ep_err_pre_mrad": 235.03724590902027,
      "ep_err_post_mrad": 288.8236236276628,
      "mae_post_mrad": 116.96357976957786,
      "recovery_time_s": 2.3719999999996304
    }
  }
}