{
  "experiment": "2b",
  "seed": 4,
  "sweep_name": "condition_sweep_2b/torque_45",
  "disturbance_time_s": 3.0,
  "disturbance_joint": 1,
  "disturbance_levels": {
    "torque_45": {
      "PD+CfC": {
        "peak_err_rad": 0.5497593498263467,
        "mae_post_mrad": 98.65683875169971,
        "recovery_time_s": 0.4219999999998447
      },
      "Full": {
        "peak_err_rad": 0.3630231194324923,
        "mae_post_mrad": 82.84117261865345,
        "recovery_time_s": 0.2939999999998588
      }
    }
  }
}