{
  "experiment": "e5",
  "seed": 6,
  "sweep_name": "sweep11",
  "results": {
    "D0": {
      "E5-PD": {
        "mae_mrad": 160.64779307679126,
        "mae_post_mrad": 750.3780949666467,
        "peak_err_rad": 1.015558913094938,
        "recovery_time_s": null,
        "energy_J": 9339.051659501645,
        "energy_post_J": 5090.259906760836,
        "jerk": 53368448732856.93,
        "jerk_post": 26225519363905.824,
        "cc_ratio": 0.0
      },
      "E5-E3": {
        "mae_mrad": 156.01637797641715,
        "mae_post_mrad": 731.9778694491118,
        "peak_err_rad": 0.9208113336528734,
        "recovery_time_s": null,
        "energy_J": 9392.105053570369,
        "energy_post_J": 5492.816610164986,
        "jerk": 53388163358271.53,
        "jerk_post": 26230260580858.31,
        "cc_ratio": 0.36140772677487504
      },
      "E5-MCA": {
        "mae_mrad": 156.06093840367848,
        "mae_post_mrad": 726.1561645949904,
        "peak_err_rad": 0.9801329889183599,
        "recovery_time_s": null,
        "energy_J": 9241.125446215412,
        "energy_post_J": 5057.00051416952,
        "jerk": 53371663614726.58,
        "jerk_post": 26226265552805.04,
        "cc_ratio": 0.33692020723501304
      },
      "E5-full": {
        "mae_mrad": 161.60023060707735,
        "mae_post_mrad": 664.8144435184427,
        "peak_err_rad": 0.9088473599061793,
        "recovery_time_s": null,
        "energy_J": 8706.926140391723,
        "energy_post_J": 4988.409288172496,
        "jerk": 53423364095734.36,
        "jerk_post": 26239894843941.418,
        "cc_ratio": 0.453835327391867
      }
    },
    "D1": {
      "E5-PD": {
        "mae_mrad": 255.496486542304,
        "mae_post_mrad": 1568.7550044306752,
        "peak_err_rad": 1.8476095777948975,
        "recovery_time_s": null,
        "energy_J": 8706.308663645024,
        "energy_post_J": 4714.815047743782,
        "jerk": 56891492637721.72,
        "jerk_post": 26635804275030.348,
        "cc_ratio": 0.0
      },
      "E5-E3": {
        "mae_mrad": 231.96034557058212,
        "mae_post_mrad": 1550.23383708407,
        "peak_err_rad": 1.7453671786739855,
        "recovery_time_s": null,
        "energy_J": 9000.388331363492,
        "energy_post_J": 5310.081479063834,
        "jerk": 57280270886763.07,
        "jerk_post": 26689393057954.39,
        "cc_ratio": 0.40797380821471246
      },
      "E5-MCA": {
        "mae_mrad": 246.64415145705794,
        "mae_post_mrad": 1517.0906321557043,
        "peak_err_rad": 1.7864178651628069,
        "recovery_time_s": null,
        "energy_J": 8945.945940187314,
        "energy_post_J": 4878.025560681325,
        "jerk": 56893975630436.79,
        "jerk_post": 26636553525551.99,
        "cc_ratio": 0.38783890579771324
      },
      "E5-full": {
        "mae_mrad": 227.83323997169245,
        "mae_post_mrad": 1460.808043959517,
        "peak_err_rad": 1.6922093006864085,
        "recovery_time_s": null,
        "energy_J": 9127.596918765086,
        "energy_post_J": 5569.41467308547,
        "jerk": 57296161428153.62,
        "jerk_post": 26695959289159.45,
        "cc_ratio": 0.5091583848423924
      }
    },
    "D5": {
      "E5-PD": {
        "mae_mrad": 279.0518472101674,
        "mae_post_mrad": 2059.8968353145697,
        "peak_err_rad": 2.071881513435415,
        "recovery_time_s": null,
        "energy_J": 39370.93282083578,
        "energy_post_J": 22414.717453559955,
        "jerk": 51199793909516.51,
        "jerk_post": 24859832606262.426,
        "cc_ratio": 0.0
      },
      "E5-E3": {
        "mae_mrad": 257.73666028075877,
        "mae_post_mrad": 2054.6027542833767,
        "peak_err_rad": 2.0880277618173433,
        "recovery_time_s": null,
        "energy_J": 37544.93478558635,
        "energy_post_J": 22764.796043902927,
        "jerk": 56720167612207.06,
        "jerk_post": 25682018260051.39,
        "cc_ratio": 0.3071967261729913
      },
      "E5-MCA": {
        "mae_mrad": 275.83384514671485,
        "mae_post_mrad": 2060.6421402638402,
        "peak_err_rad": 2.0707402111352127,
        "recovery_time_s": null,
        "energy_J": 39265.22196919343,
        "energy_post_J": 22414.60707319763,
        "jerk": 51132339173722.24,
        "jerk_post": 24850610610732.71,
        "cc_ratio": 0.24922148550476042
      },
      "E5-full": {
        "mae_mrad": 263.1379848239173,
        "mae_post_mrad": 2060.0852624057115,
        "peak_err_rad": 2.0924942080657423,
        "recovery_time_s": null,
        "energy_J": 37269.67943211545,
        "energy_post_J": 22874.25231987389,
        "jerk": 55403493918301.805,
        "jerk_post": 25473585125032.312,
        "cc_ratio": 0.387195155387424
      }
    }
  }
}