{
  "block_maes_mrad": [
    185.84797123629966,
    210.54560472133238,
    210.52352559984857,
    210.55509189943788,
    210.54283922452845,
    210.5332036452413,
    210.55064255607755,
    210.55905003742168,
    210.50563027896106,
    210.52760744616552
  ],
  "final_MAE_post": 210.52760744616552,
  "initial_MAE": 185.84797123629966,
  "MAE_improvement": -0.13279475716392788,
  "io_fire_count": 22582,
  "io_fire_rate_hz": 376.3667,
  "io_fire_interval_mean": 1.3284,
  "condition": "f4_error_gated",
  "io_mode": "error_gated",
  "io_firing_rate_hz": 1.0,
  "online_lr": 0.0005,
  "seed": 3
}