{
  "experiment": "2b",
  "seed": 7,
  "sweep_name": "condition_sweep_2b/timing_late",
  "disturbance_time_s": 4.0,
  "disturbance_joint": 1,
  "disturbance_levels": {
    "timing_late": {
      "PD+CfC": {
        "peak_err_rad": 0.3082319617004902,
        "mae_post_mrad": 112.4265708151533,
        "recovery_time_s": 0.04199999999977688
      },
      "Full": {
        "peak_err_rad": 0.31205514757030034,
        "mae_post_mrad": 116.55824726920537,
        "recovery_time_s": 0.18999999999976058
      }
    }
  }
}