{
  "experiment": "2c",
  "seed": 3,
  "sweep_name": "condition_sweep_2c/tau_025_taur060",
  "sim_duration_s": 9.0,
  "load_time_s": 3.0,
  "load_joint": 1,
  "load_torque_nm": -25.0,
  "endpoint_joint": 1,
  "cpg_amplitude": 0.3,
  "cpg_tau": 0.25,
  "cpg_tau_r": 0.6,
  "conditions": {
    "CPG+CfC": {
      "ep_err_pre_mrad": 63.62748299968363,
      "ep_err_post_mrad": 228.24533201124706,
      "mae_post_mrad": 113.58995485149894,
      "recovery_time_s": 5.419999999999481
    },
    "CPG+CfC+LIF_FB": {
      "ep_err_pre_mrad": 58.33718545213711,
      "ep_err_post_mrad": 322.3503336500189,
      "mae_post_mrad": 123.67478330959545,
      "recovery_time_s": 1.2539999999997535
    }
  }
}