{
  "block_maes_mrad": [
    186.10400212741868,
    210.5264654464817,
    210.50351085589656,
    210.54418850930284,
    210.52195736158717,
    210.55313845067408,
    210.55848219456746,
    210.52618066248368,
    210.40917242693138,
    210.44996858705517
  ],
  "final_MAE_post": 210.44996858705517,
  "initial_MAE": 186.10400212741868,
  "MAE_improvement": -0.13081914510810394,
  "io_fire_count": 22964,
  "io_fire_rate_hz": 382.7333,
  "io_fire_interval_mean": 1.3064,
  "condition": "f4_error_gated",
  "io_mode": "error_gated",
  "io_firing_rate_hz": 1.0,
  "online_lr": 0.0005,
  "seed": 0
}