{
  "experiment": "2b",
  "seed": 7,
  "sweep_name": "condition_sweep_2b/joint3_60Nm",
  "disturbance_time_s": 3.0,
  "disturbance_joint": 3,
  "q_init_noise": 0.0,
  "disturbance_levels": {
    "joint3_60Nm": {
      "PD+CfC": {
        "peak_err_rad": 0.381476802904797,
        "mae_post_mrad": 130.77343433826627,
        "recovery_time_s": 1.0999999999997705
      },
      "Full": {
        "peak_err_rad": 0.5041257439016116,
        "mae_post_mrad": 131.5620105912859,
        "recovery_time_s": 0.8599999999997965
      }
    }
  }
}