{
  "experiment": "2b",
  "seed": 9,
  "sweep_name": "condition_sweep_2b/qnoise_005",
  "disturbance_time_s": 3.0,
  "disturbance_joint": 1,
  "q_init_noise": 0.05,
  "disturbance_levels": {
    "qnoise_005": {
      "PD+CfC": {
        "peak_err_rad": 0.5238166199429592,
        "mae_post_mrad": 125.53670590697669,
        "recovery_time_s": 0.04199999999988657
      },
      "Full": {
        "peak_err_rad": 0.5192053526309637,
        "mae_post_mrad": 107.1833759001035,
        "recovery_time_s": 0.10999999999987908
      }
    }
  }
}