{
  "experiment": "e5",
  "seed": 3,
  "sweep_name": "sweep11",
  "results": {
    "D0": {
      "E5-PD": {
        "mae_mrad": 160.64970557722626,
        "mae_post_mrad": 750.491891110246,
        "peak_err_rad": 1.0183723463765277,
        "recovery_time_s": null,
        "energy_J": 9341.489991711278,
        "energy_post_J": 5092.311644913415,
        "jerk": 54642821245920.06,
        "jerk_post": 26949259446430.305,
        "cc_ratio": 0.0
      },
      "E5-E3": {
        "mae_mrad": 156.00046234915658,
        "mae_post_mrad": 731.8299737914409,
        "peak_err_rad": 0.9229730942063008,
        "recovery_time_s": null,
        "energy_J": 9391.89700066474,
        "energy_post_J": 5495.2433243787345,
        "jerk": 54662558170843.51,
        "jerk_post": 26954535248478.074,
        "cc_ratio": 0.3617180954344052
      },
      "E5-MCA": {
        "mae_mrad": 156.06351986065917,
        "mae_post_mrad": 726.2497072801398,
        "peak_err_rad": 0.9818670129757499,
        "recovery_time_s": null,
        "energy_J": 9243.659828747406,
        "energy_post_J": 5059.11008629937,
        "jerk": 54646234632650.516,
        "jerk_post": 26950106179706.305,
        "cc_ratio": 0.3370077394445121
      },
      "E5-full": {
        "mae_mrad": 161.6210488190294,
        "mae_post_mrad": 665.1015932114617,
        "peak_err_rad": 0.911427218147516,
        "recovery_time_s": null,
        "energy_J": 8710.01709459901,
        "energy_post_J": 4990.453004056663,
        "jerk": 54691434485115.44,
        "jerk_post": 26957299339955.125,
        "cc_ratio": 0.4541403932855777
      }
    },
    "D1": {
      "E5-PD": {
        "mae_mrad": 255.49277618360057,
        "mae_post_mrad": 1568.657298728929,
        "peak_err_rad": 1.8474653179618685,
        "recovery_time_s": null,
        "energy_J": 8705.421628909857,
        "energy_post_J": 4714.0816848680015,
        "jerk": 55751109617351.25,
        "jerk_post": 26678015620941.125,
        "cc_ratio": 0.0
      },
      "E5-E3": {
        "mae_mrad": 231.898068011265,
        "mae_post_mrad": 1550.1650311779813,
        "peak_err_rad": 1.7450170054164638,
        "recovery_time_s": null,
        "energy_J": 9000.017069005611,
        "energy_post_J": 5308.282030915813,
        "jerk": 56146146047141.195,
        "jerk_post": 26744294471981.13,
        "cc_ratio": 0.4080765949858574
      },
      "E5-MCA": {
        "mae_mrad": 246.60935549600475,
        "mae_post_mrad": 1516.980898548998,
        "peak_err_rad": 1.7853142408496192,
        "recovery_time_s": null,
        "energy_J": 8945.739595895866,
        "energy_post_J": 4877.132559238432,
        "jerk": 55754564038495.39,
        "jerk_post": 26678797359538.52,
        "cc_ratio": 0.3885646198018372
      },
      "E5-full": {
        "mae_mrad": 228.1524389177196,
        "mae_post_mrad": 1460.2501251139868,
        "peak_err_rad": 1.6911655727900807,
        "recovery_time_s": null,
        "energy_J": 9119.98632741895,
        "energy_post_J": 5570.358102534288,
        "jerk": 56175946044829.47,
        "jerk_post": 26748881963682.336,
        "cc_ratio": 0.5088894762987365
      }
    },
    "D5": {
      "E5-PD": {
        "mae_mrad": 278.9994964550698,
        "mae_post_mrad": 2059.6555521204805,
        "peak_err_rad": 2.0694075936725564,
        "recovery_time_s": null,
        "energy_J": 39367.7538776243,
        "energy_post_J": 22414.711596503825,
        "jerk": 52483845902266.25,
        "jerk_post": 26468778552878.336,
        "cc_ratio": 0.0
      },
      "E5-E3": {
        "mae_mrad": 257.48007932420285,
        "mae_post_mrad": 2053.740811845191,
        "peak_err_rad": 2.0948299168135818,
        "recovery_time_s": null,
        "energy_J": 37550.886356143295,
        "energy_post_J": 22783.677115633644,
        "jerk": 57754358834797.58,
        "jerk_post": 27359974026683.41,
        "cc_ratio": 0.3075460452005604
      },
      "E5-MCA": {
        "mae_mrad": 275.71471366875545,
        "mae_post_mrad": 2059.6409134620385,
        "peak_err_rad": 2.0694366509371123,
        "recovery_time_s": null,
        "energy_J": 39261.94084014589,
        "energy_post_J": 22414.706482450947,
        "jerk": 52458751731084.12,
        "jerk_post": 26461589079874.51,
        "cc_ratio": 0.2507006977109789
      },
      "E5-full": {
        "mae_mrad": 263.0215370985827,
        "mae_post_mrad": 2060.543906250988,
        "peak_err_rad": 2.092006363592136,
        "recovery_time_s": null,
        "energy_J": 37260.17021484983,
        "energy_post_J": 22876.601813166766,
        "jerk": 56178779587648.414,
        "jerk_post": 27123107121384.566,
        "cc_ratio": 0.3872809925912149
      }
    }
  }
}