{
  "experiment": "2b",
  "seed": 6,
  "disturbance_levels": {
    "light_30Nm": {
      "PD+CfC": {
        "peak_err_rad": 0.16640918077434236,
        "mae_post_mrad": 190.9510893286236,
        "recovery_time_s": 0.021999999999888775
      },
      "Full": {
        "peak_err_rad": 0.17088997189005256,
        "mae_post_mrad": 174.11997649393473,
        "recovery_time_s": 0.021999999999888775
      }
    },
    "medium_60Nm": {
      "PD+CfC": {
        "peak_err_rad": 0.12543924682436824,
        "mae_post_mrad": 184.09291745767496,
        "recovery_time_s": 0.04199999999988657
      },
      "Full": {
        "peak_err_rad": 0.13194500205906845,
        "mae_post_mrad": 152.9520830079076,
        "recovery_time_s": 0.04199999999988657
      }
    },
    "heavy_87Nm": {
      "PD+CfC": {
        "peak_err_rad": 0.3458711503910283,
        "mae_post_mrad": 165.97607260899485,
        "recovery_time_s": 1.4179999999997355
      },
      "Full": {
        "peak_err_rad": 0.36962206691277744,
        "mae_post_mrad": 156.64112678930132,
        "recovery_time_s": 1.3339999999997447
      }
    }
  }
}