{
  "experiment": "2b",
  "seed": 1,
  "sweep_name": "condition_sweep_2b/torque_45",
  "disturbance_time_s": 3.0,
  "disturbance_joint": 1,
  "disturbance_levels": {
    "torque_45": {
      "PD+CfC": {
        "peak_err_rad": 0.6817664572858471,
        "mae_post_mrad": 126.37057007262445,
        "recovery_time_s": 0.4239999999998445
      },
      "Full": {
        "peak_err_rad": 0.6675629289807072,
        "mae_post_mrad": 114.92943254340531,
        "recovery_time_s": 0.337999999999854
      }
    }
  }
}