{
  "experiment": "2c",
  "seed": 5,
  "sweep_name": "condition_sweep_2c/tau_025_taur060",
  "sim_duration_s": 9.0,
  "load_time_s": 3.0,
  "load_joint": 1,
  "load_torque_nm": -25.0,
  "endpoint_joint": 1,
  "cpg_amplitude": 0.3,
  "cpg_tau": 0.25,
  "cpg_tau_r": 0.6,
  "conditions": {
    "CPG+CfC": {
      "ep_err_pre_mrad": 333.5738519348393,
      "ep_err_post_mrad": 392.2413089196398,
      "mae_post_mrad": 134.8645469264232,
      "recovery_time_s": 1.2439999999997546
    },
    "CPG+CfC+LIF_FB": {
      "ep_err_pre_mrad": 331.2247385840604,
      "ep_err_post_mrad": 373.2727076678129,
      "mae_post_mrad": 126.79691381472017,
      "recovery_time_s": 0.20399999999986873
    }
  }
}