{
  "experiment": "2b",
  "seed": 0,
  "sweep_name": "condition_sweep_2b/torque_75",
  "disturbance_time_s": 3.0,
  "disturbance_joint": 1,
  "disturbance_levels": {
    "torque_75": {
      "PD+CfC": {
        "peak_err_rad": 0.2508589888044643,
        "mae_post_mrad": 71.6670858332002,
        "recovery_time_s": 0.2759999999998608
      },
      "Full": {
        "peak_err_rad": 0.27004822100314124,
        "mae_post_mrad": 72.27069511519815,
        "recovery_time_s": 0.04199999999988657
      }
    }
  }
}