{
  "experiment": "2b",
  "seed": 2,
  "sweep_name": "condition_sweep_2b/joint5_60Nm",
  "disturbance_time_s": 3.0,
  "disturbance_joint": 5,
  "q_init_noise": 0.0,
  "disturbance_levels": {
    "joint5_60Nm": {
      "PD+CfC": {
        "peak_err_rad": 0.2735963004212092,
        "mae_post_mrad": 102.5447405414234,
        "recovery_time_s": 0.04199999999988657
      },
      "Full": {
        "peak_err_rad": 0.252196632304555,
        "mae_post_mrad": 122.71166234711848,
        "recovery_time_s": 0.573999999999828
      }
    }
  }
}