{
  "experiment": "e5",
  "seed": 5,
  "sweep_name": "sweep11",
  "results": {
    "D0": {
      "E5-PD": {
        "mae_mrad": 160.67330785983802,
        "mae_post_mrad": 751.0236012970419,
        "peak_err_rad": 1.0204882604516767,
        "recovery_time_s": null,
        "energy_J": 9349.317380087106,
        "energy_post_J": 5100.3195860886335,
        "jerk": 55064131779807.64,
        "jerk_post": 26521842400399.68,
        "cc_ratio": 0.0
      },
      "E5-E3": {
        "mae_mrad": 155.89901641041246,
        "mae_post_mrad": 732.3120276473919,
        "peak_err_rad": 0.9242410150409013,
        "recovery_time_s": null,
        "energy_J": 9406.061780615963,
        "energy_post_J": 5507.294990486407,
        "jerk": 55084184387339.54,
        "jerk_post": 26525092604061.754,
        "cc_ratio": 0.36151618456771223
      },
      "E5-MCA": {
        "mae_mrad": 156.08556460412345,
        "mae_post_mrad": 726.75220348805,
        "peak_err_rad": 0.9847482370464757,
        "recovery_time_s": null,
        "energy_J": 9251.817205981986,
        "energy_post_J": 5067.46979427801,
        "jerk": 55066961957985.18,
        "jerk_post": 26522383032922.17,
        "cc_ratio": 0.33707095449334445
      },
      "E5-full": {
        "mae_mrad": 161.67701524683687,
        "mae_post_mrad": 665.826581347138,
        "peak_err_rad": 0.9129845402571621,
        "recovery_time_s": null,
        "energy_J": 8721.312565169432,
        "energy_post_J": 5004.221754489298,
        "jerk": 55116912638109.836,
        "jerk_post": 26532843389989.46,
        "cc_ratio": 0.45387127523035925
      }
    },
    "D1": {
      "E5-PD": {
        "mae_mrad": 255.45333709084545,
        "mae_post_mrad": 1567.312776262952,
        "peak_err_rad": 1.8379818305251188,
        "recovery_time_s": null,
        "energy_J": 8696.335718096509,
        "energy_post_J": 4704.830758113077,
        "jerk": 55358406494752.09,
        "jerk_post": 26581719951424.473,
        "cc_ratio": 0.0
      },
      "E5-E3": {
        "mae_mrad": 231.8360836166722,
        "mae_post_mrad": 1548.291111331758,
        "peak_err_rad": 1.736334557219073,
        "recovery_time_s": null,
        "energy_J": 8982.026576986973,
        "energy_post_J": 5288.676528444505,
        "jerk": 55733651079941.65,
        "jerk_post": 26642270510627.105,
        "cc_ratio": 0.40746579978273595
      },
      "E5-MCA": {
        "mae_mrad": 246.5833056670499,
        "mae_post_mrad": 1515.7650678450452,
        "peak_err_rad": 1.7772660688299322,
        "recovery_time_s": null,
        "energy_J": 8934.996434113296,
        "energy_post_J": 4866.184723367934,
        "jerk": 55362047148047.37,
        "jerk_post": 26582266275171.863,
        "cc_ratio": 0.3883397914910903
      },
      "E5-full": {
        "mae_mrad": 227.99690022271315,
        "mae_post_mrad": 1457.5199678529507,
        "peak_err_rad": 1.6805412980901313,
        "recovery_time_s": null,
        "energy_J": 9102.174936099706,
        "energy_post_J": 5542.7267291321095,
        "jerk": 55700002015110.336,
        "jerk_post": 26640564085079.92,
        "cc_ratio": 0.5099328365913249
      }
    },
    "D5": {
      "E5-PD": {
        "mae_mrad": 279.01848191442576,
        "mae_post_mrad": 2059.785671316971,
        "peak_err_rad": 2.0708488287537667,
        "recovery_time_s": null,
        "energy_J": 39368.36075045541,
        "energy_post_J": 22414.71686431092,
        "jerk": 53321813767945.34,
        "jerk_post": 26733143372444.99,
        "cc_ratio": 0.0
      },
      "E5-E3": {
        "mae_mrad": 257.87049828264804,
        "mae_post_mrad": 2054.1126048981205,
        "peak_err_rad": 2.0969912374087585,
        "recovery_time_s": null,
        "energy_J": 37514.83740123176,
        "energy_post_J": 22781.76027951874,
        "jerk": 58495357092386.64,
        "jerk_post": 27531150003512.016,
        "cc_ratio": 0.3073611888315198
      },
      "E5-MCA": {
        "mae_mrad": 275.72345249967356,
        "mae_post_mrad": 2059.7621466424166,
        "peak_err_rad": 2.0702062508635044,
        "recovery_time_s": null,
        "energy_J": 39262.586434062876,
        "energy_post_J": 22414.714501580464,
        "jerk": 53290459199978.75,
        "jerk_post": 26727921471627.13,
        "cc_ratio": 0.2512491702623164
      },
      "E5-full": {
        "mae_mrad": 263.0823710356907,
        "mae_post_mrad": 2060.778527355764,
        "peak_err_rad": 2.091387143866209,
        "recovery_time_s": null,
        "energy_J": 37261.89825972395,
        "energy_post_J": 22878.277052149966,
        "jerk": 57205065266030.5,
        "jerk_post": 27337664917838.34,
        "cc_ratio": 0.3873130092239839
      }
    }
  }
}