{
  "block_maes_mrad": [
    186.92036714181637,
    210.70010079383422,
    210.51576258169374,
    210.5296817422865,
    210.52486316544724,
    210.5215457623656,
    210.5379310400497,
    210.5313934464593,
    210.52730541079887,
    210.5366957684012
  ],
  "final_MAE_post": 210.5366957684012,
  "initial_MAE": 186.92036714181637,
  "MAE_improvement": -0.12634433040964863,
  "io_fire_count": 329,
  "io_fire_rate_hz": 5.4833,
  "io_fire_interval_mean": 91.2561,
  "condition": "f4_10hz",
  "io_mode": "sparse",
  "io_firing_rate_hz": 10.0,
  "online_lr": 0.0005,
  "seed": 5
}