{
  "experiment": "2b",
  "seed": 8,
  "sweep_name": "condition_sweep_2b/timing_early",
  "disturbance_time_s": 2.0,
  "disturbance_joint": 1,
  "disturbance_levels": {
    "timing_early": {
      "PD+CfC": {
        "peak_err_rad": 0.2666917156215273,
        "mae_post_mrad": 114.76449429407417,
        "recovery_time_s": 0.4379999999999531
      },
      "Full": {
        "peak_err_rad": 0.2160563109058376,
        "mae_post_mrad": 107.46365018408001,
        "recovery_time_s": 0.29399999999996895
      }
    }
  }
}