{
  "experiment": "2c",
  "seed": 42,
  "sweep_name": "condition_sweep_2c/tau_020_taur060",
  "sim_duration_s": 9.0,
  "load_time_s": 3.0,
  "load_joint": 1,
  "load_torque_nm": -25.0,
  "endpoint_joint": 1,
  "cpg_amplitude": 0.3,
  "cpg_tau": 0.2,
  "cpg_tau_r": 0.6,
  "conditions": {
    "CPG+CfC": {
      "ep_err_pre_mrad": 303.0151872549538,
      "ep_err_post_mrad": 314.7190690623097,
      "mae_post_mrad": 140.71579188657094,
      "recovery_time_s": 0.8779999999997945
    },
    "CPG+CfC+LIF_FB": {
      "ep_err_pre_mrad": 305.1289950159497,
      "ep_err_post_mrad": 328.8875291656785,
      "mae_post_mrad": 139.2404333208294,
      "recovery_time_s": 0.8819999999997941
    }
  }
}