{
  "experiment": "e5",
  "seed": 9,
  "sweep_name": "sweep11",
  "results": {
    "D0": {
      "E5-PD": {
        "mae_mrad": 160.67579162967004,
        "mae_post_mrad": 750.7366989863433,
        "peak_err_rad": 1.0187165628248107,
        "recovery_time_s": null,
        "energy_J": 9345.081209626785,
        "energy_post_J": 5096.005424460798,
        "jerk": 55155085652416.86,
        "jerk_post": 26269490531060.523,
        "cc_ratio": 0.0
      },
      "E5-E3": {
        "mae_mrad": 156.02861107349122,
        "mae_post_mrad": 731.9683149339535,
        "peak_err_rad": 0.9226897189233596,
        "recovery_time_s": null,
        "energy_J": 9401.917875468907,
        "energy_post_J": 5500.683637898882,
        "jerk": 55171828791864.766,
        "jerk_post": 26268670996104.316,
        "cc_ratio": 0.36184999705051446
      },
      "E5-MCA": {
        "mae_mrad": 156.08765341115665,
        "mae_post_mrad": 726.4617767687079,
        "peak_err_rad": 0.9829220740783544,
        "recovery_time_s": null,
        "energy_J": 9247.388220987783,
        "energy_post_J": 5062.919722779808,
        "jerk": 55159264250159.33,
        "jerk_post": 26270390922348.645,
        "cc_ratio": 0.3371622706199676
      },
      "E5-full": {
        "mae_mrad": 161.62119423815273,
        "mae_post_mrad": 664.8700506078188,
        "peak_err_rad": 0.9114193569016196,
        "recovery_time_s": null,
        "energy_J": 8713.319736280251,
        "energy_post_J": 4994.211127405333,
        "jerk": 55207140479239.94,
        "jerk_post": 26277053025668.004,
        "cc_ratio": 0.4539886386297115
      }
    },
    "D1": {
      "E5-PD": {
        "mae_mrad": 255.43781348232199,
        "mae_post_mrad": 1567.5936192042452,
        "peak_err_rad": 1.8398993539163115,
        "recovery_time_s": null,
        "energy_J": 8698.350614032392,
        "energy_post_J": 4706.621441294425,
        "jerk": 54026736127538.78,
        "jerk_post": 26088851336632.312,
        "cc_ratio": 0.0
      },
      "E5-E3": {
        "mae_mrad": 231.9178497067387,
        "mae_post_mrad": 1548.8508595025369,
        "peak_err_rad": 1.7404385645558458,
        "recovery_time_s": null,
        "energy_J": 8985.045647256096,
        "energy_post_J": 5291.622399199926,
        "jerk": 54401618849425.125,
        "jerk_post": 26150045142958.76,
        "cc_ratio": 0.4079628509419237
      },
      "E5-MCA": {
        "mae_mrad": 246.61064277023988,
        "mae_post_mrad": 1516.0133912963147,
        "peak_err_rad": 1.780443885961949,
        "recovery_time_s": null,
        "energy_J": 8936.05191403549,
        "energy_post_J": 4868.325962298148,
        "jerk": 54031183412252.58,
        "jerk_post": 26089841750761.8,
        "cc_ratio": 0.38733023812018136
      },
      "E5-full": {
        "mae_mrad": 227.9297224778729,
        "mae_post_mrad": 1459.2376772559048,
        "peak_err_rad": 1.6877502572025467,
        "recovery_time_s": null,
        "energy_J": 9104.848762068963,
        "energy_post_J": 5551.771486015609,
        "jerk": 54422427000746.48,
        "jerk_post": 26152710519872.273,
        "cc_ratio": 0.5088672488010666
      }
    },
    "D5": {
      "E5-PD": {
        "mae_mrad": 279.014235492378,
        "mae_post_mrad": 2059.84452481547,
        "peak_err_rad": 2.0716818201558773,
        "recovery_time_s": null,
        "energy_J": 39366.0143014441,
        "energy_post_J": 22414.711587233644,
        "jerk": 52455650064107.266,
        "jerk_post": 26360550321391.344,
        "cc_ratio": 0.0
      },
      "E5-E3": {
        "mae_mrad": 257.8122682277295,
        "mae_post_mrad": 2054.4372788257256,
        "peak_err_rad": 2.091306885954824,
        "recovery_time_s": null,
        "energy_J": 37499.50098739374,
        "energy_post_J": 22761.614084142984,
        "jerk": 58241005144615.484,
        "jerk_post": 27415337852616.367,
        "cc_ratio": 0.3070533295164029
      },
      "E5-MCA": {
        "mae_mrad": 275.7223500721274,
        "mae_post_mrad": 2059.823101833017,
        "peak_err_rad": 2.07077216134768,
        "recovery_time_s": null,
        "energy_J": 39259.91182854238,
        "energy_post_J": 22414.706913720245,
        "jerk": 52415979119098.8,
        "jerk_post": 26348884709138.543,
        "cc_ratio": 0.250912131835628
      },
      "E5-full": {
        "mae_mrad": 262.00348257402925,
        "mae_post_mrad": 2060.739272956952,
        "peak_err_rad": 2.0931511595986203,
        "recovery_time_s": null,
        "energy_J": 37238.88751335328,
        "energy_post_J": 22876.936640848468,
        "jerk": 56723754294589.83,
        "jerk_post": 27150753285686.223,
        "cc_ratio": 0.38733634845438863
      }
    }
  }
}