{
  "experiment": "2c",
  "seed": 42,
  "sweep_name": "condition_sweep_2c/tau_035_taur060",
  "sim_duration_s": 9.0,
  "load_time_s": 3.0,
  "load_joint": 1,
  "load_torque_nm": -25.0,
  "endpoint_joint": 1,
  "cpg_amplitude": 0.3,
  "cpg_tau": 0.35,
  "cpg_tau_r": 0.6,
  "conditions": {
    "CPG+CfC": {
      "ep_err_pre_mrad": 226.9003539951311,
      "ep_err_post_mrad": 302.5039350984692,
      "mae_post_mrad": 123.79049417478663,
      "recovery_time_s": 1.9359999999996784
    },
    "CPG+CfC+LIF_FB": {
      "ep_err_pre_mrad": 220.69613483675133,
      "ep_err_post_mrad": 284.1201028686514,
      "mae_post_mrad": 117.92424928650559,
      "recovery_time_s": 1.9359999999996784
    }
  }
}