{
  "experiment": "2b",
  "seed": 6,
  "sweep_name": "condition_sweep_2b/qnoise_010",
  "disturbance_time_s": 3.0,
  "disturbance_joint": 1,
  "q_init_noise": 0.1,
  "disturbance_levels": {
    "qnoise_010": {
      "PD+CfC": {
        "peak_err_rad": 0.12518211096470455,
        "mae_post_mrad": 183.78818793954346,
        "recovery_time_s": 0.04199999999988657
      },
      "Full": {
        "peak_err_rad": 0.15226791643155962,
        "mae_post_mrad": 153.68026742775885,
        "recovery_time_s": 0.04199999999988657
      }
    }
  }
}