{
  "experiment": "2c",
  "seed": 6,
  "sweep_name": "condition_sweep_2c/tau_035_taur060",
  "sim_duration_s": 9.0,
  "load_time_s": 3.0,
  "load_joint": 1,
  "load_torque_nm": -25.0,
  "endpoint_joint": 1,
  "cpg_amplitude": 0.3,
  "cpg_tau": 0.35,
  "cpg_tau_r": 0.6,
  "conditions": {
    "CPG+CfC": {
      "ep_err_pre_mrad": 146.06342566570805,
      "ep_err_post_mrad": 285.581642190935,
      "mae_post_mrad": 178.92497503075944,
      "recovery_time_s": 1.9359999999996784
    },
    "CPG+CfC+LIF_FB": {
      "ep_err_pre_mrad": 141.5835611990477,
      "ep_err_post_mrad": 269.7095123418024,
      "mae_post_mrad": 175.23653405676598,
      "recovery_time_s": 1.947999999999677
    }
  }
}