{
  "experiment": "2c",
  "seed": 1,
  "sweep_name": "condition_sweep_2c/tau_025_taur050",
  "sim_duration_s": 9.0,
  "load_time_s": 3.0,
  "load_joint": 1,
  "load_torque_nm": -25.0,
  "endpoint_joint": 1,
  "cpg_amplitude": 0.3,
  "cpg_tau": 0.25,
  "cpg_tau_r": 0.5,
  "conditions": {
    "CPG+CfC": {
      "ep_err_pre_mrad": 367.06721680395276,
      "ep_err_post_mrad": 630.173696614563,
      "mae_post_mrad": 173.79823422741066,
      "recovery_time_s": 2.721999999999592
    },
    "CPG+CfC+LIF_FB": {
      "ep_err_pre_mrad": 383.6528897943771,
      "ep_err_post_mrad": 615.2017407503944,
      "mae_post_mrad": 168.4108312056087,
      "recovery_time_s": 2.701999999999594
    }
  }
}