{
  "experiment": "2b",
  "seed": 2,
  "sweep_name": "condition_sweep_2b/qnoise_005",
  "disturbance_time_s": 3.0,
  "disturbance_joint": 1,
  "q_init_noise": 0.05,
  "disturbance_levels": {
    "qnoise_005": {
      "PD+CfC": {
        "peak_err_rad": 0.5447936008578718,
        "mae_post_mrad": 120.96821842894657,
        "recovery_time_s": 0.5619999999998293
      },
      "Full": {
        "peak_err_rad": 0.3963810449184287,
        "mae_post_mrad": 103.68974868126105,
        "recovery_time_s": 0.5539999999998302
      }
    }
  }
}