{
  "experiment": "2b",
  "seed": 6,
  "sweep_name": "condition_sweep_2b/joint5_60Nm",
  "disturbance_time_s": 3.0,
  "disturbance_joint": 5,
  "q_init_noise": 0.0,
  "disturbance_levels": {
    "joint5_60Nm": {
      "PD+CfC": {
        "peak_err_rad": 0.2897602106939743,
        "mae_post_mrad": 156.91010231688298,
        "recovery_time_s": 0.3159999999998564
      },
      "Full": {
        "peak_err_rad": 0.2663773667086,
        "mae_post_mrad": 151.21704481613835,
        "recovery_time_s": 0.31199999999985684
      }
    }
  }
}