{
  "experiment": "2c",
  "seed": 3,
  "sweep_name": "condition_sweep_2c/amp025_load20",
  "sim_duration_s": 9.0,
  "load_time_s": 3.0,
  "load_joint": 1,
  "load_torque_nm": -20.0,
  "endpoint_joint": 1,
  "cpg_amplitude": 0.25,
  "conditions": {
    "CPG+CfC": {
      "ep_err_pre_mrad": 111.72853866515143,
      "ep_err_post_mrad": 167.94619216110164,
      "mae_post_mrad": 99.07089312041143,
      "recovery_time_s": 1.5979999999997156
    },
    "CPG+CfC+LIF_FB": {
      "ep_err_pre_mrad": 114.73955735588925,
      "ep_err_post_mrad": 194.7611562593722,
      "mae_post_mrad": 100.65816710185008,
      "recovery_time_s": 1.5879999999997167
    }
  }
}