{
  "experiment": "2b",
  "seed": 3,
  "sweep_name": "condition_sweep_2b/torque_45",
  "disturbance_time_s": 3.0,
  "disturbance_joint": 1,
  "disturbance_levels": {
    "torque_45": {
      "PD+CfC": {
        "peak_err_rad": 0.23420223152860326,
        "mae_post_mrad": 82.70533101480189,
        "recovery_time_s": 0.5619999999998293
      },
      "Full": {
        "peak_err_rad": 0.18503320410633423,
        "mae_post_mrad": 76.46792159886425,
        "recovery_time_s": 0.04199999999988657
      }
    }
  }
}