{
  "experiment": "2c",
  "seed": 5,
  "sweep_name": "condition_sweep_2c/tau_035_taur060",
  "sim_duration_s": 9.0,
  "load_time_s": 3.0,
  "load_joint": 1,
  "load_torque_nm": -25.0,
  "endpoint_joint": 1,
  "cpg_amplitude": 0.3,
  "cpg_tau": 0.35,
  "cpg_tau_r": 0.6,
  "conditions": {
    "CPG+CfC": {
      "ep_err_pre_mrad": 325.33570999502234,
      "ep_err_post_mrad": 312.8359835951796,
      "mae_post_mrad": 135.06111309697178,
      "recovery_time_s": 1.9359999999996784
    },
    "CPG+CfC+LIF_FB": {
      "ep_err_pre_mrad": 330.1833952085609,
      "ep_err_post_mrad": 356.1314738144269,
      "mae_post_mrad": 136.39891632672186,
      "recovery_time_s": 1.939999999999678
    }
  }
}