{
  "experiment": "2b",
  "seed": 6,
  "sweep_name": "condition_sweep_2b/timing_early",
  "disturbance_time_s": 2.0,
  "disturbance_joint": 1,
  "disturbance_levels": {
    "timing_early": {
      "PD+CfC": {
        "peak_err_rad": 0.12683306204482592,
        "mae_post_mrad": 188.32511821514538,
        "recovery_time_s": 0.03999999999999693
      },
      "Full": {
        "peak_err_rad": 0.13798447646761408,
        "mae_post_mrad": 160.0674811623678,
        "recovery_time_s": 0.03999999999999693
      }
    }
  }
}