{
  "experiment": "2b",
  "seed": 5,
  "sweep_name": "condition_sweep_2b/qnoise_010",
  "disturbance_time_s": 3.0,
  "disturbance_joint": 1,
  "q_init_noise": 0.1,
  "disturbance_levels": {
    "qnoise_010": {
      "PD+CfC": {
        "peak_err_rad": 0.33963350213203575,
        "mae_post_mrad": 125.87134153727239,
        "recovery_time_s": 0.04799999999988591
      },
      "Full": {
        "peak_err_rad": 0.5263056209219092,
        "mae_post_mrad": 124.87824334346908,
        "recovery_time_s": 0.5399999999998317
      }
    }
  }
}