{
  "experiment": "2c",
  "seed": 2,
  "sweep_name": "condition_sweep_2c/tau_020",
  "sim_duration_s": 9.0,
  "load_time_s": 3.0,
  "load_joint": 1,
  "load_torque_nm": -25.0,
  "endpoint_joint": 1,
  "cpg_amplitude": 0.3,
  "cpg_tau": 0.2,
  "conditions": {
    "CPG+CfC": {
      "ep_err_pre_mrad": 72.80941728885115,
      "ep_err_post_mrad": 323.8784742613543,
      "mae_post_mrad": 131.6105854143255,
      "recovery_time_s": 3.0899999999995513
    },
    "CPG+CfC+LIF_FB": {
      "ep_err_pre_mrad": 72.84448039759319,
      "ep_err_post_mrad": 298.30709856906105,
      "mae_post_mrad": 125.64601159306493,
      "recovery_time_s": null
    }
  }
}