{
  "experiment": "e5",
  "seed": 0,
  "sweep_name": "sweep11",
  "results": {
    "D0": {
      "E5-PD": {
        "mae_mrad": 160.67897207302985,
        "mae_post_mrad": 750.8615080433975,
        "peak_err_rad": 1.0191843446568776,
        "recovery_time_s": null,
        "energy_J": 9346.47561286682,
        "energy_post_J": 5097.589331264774,
        "jerk": 55942405127295.664,
        "jerk_post": 26616530042498.42,
        "cc_ratio": 0.0
      },
      "E5-E3": {
        "mae_mrad": 155.96364465697255,
        "mae_post_mrad": 732.497275163698,
        "peak_err_rad": 0.92581482381845,
        "recovery_time_s": null,
        "energy_J": 9402.57944669262,
        "energy_post_J": 5503.3285506862385,
        "jerk": 55958993138101.74,
        "jerk_post": 26621127196013.69,
        "cc_ratio": 0.3617142175319566
      },
      "E5-MCA": {
        "mae_mrad": 156.08826113352532,
        "mae_post_mrad": 726.5830901179891,
        "peak_err_rad": 0.984278668263239,
        "recovery_time_s": null,
        "energy_J": 9248.797332467046,
        "energy_post_J": 5064.551785064966,
        "jerk": 55944805131031.445,
        "jerk_post": 26617141371313.793,
        "cc_ratio": 0.33727958586075407
      },
      "E5-full": {
        "mae_mrad": 161.64853040735815,
        "mae_post_mrad": 665.8477094384093,
        "peak_err_rad": 0.9131270663690503,
        "recovery_time_s": null,
        "energy_J": 8714.820343493988,
        "energy_post_J": 4995.938165387451,
        "jerk": 55989321473401.984,
        "jerk_post": 26625801888033.312,
        "cc_ratio": 0.4536581923939304
      }
    },
    "D1": {
      "E5-PD": {
        "mae_mrad": 255.48367789670667,
        "mae_post_mrad": 1568.6281830728435,
        "peak_err_rad": 1.848028705898334,
        "recovery_time_s": null,
        "energy_J": 8705.481786168717,
        "energy_post_J": 4713.927819535983,
        "jerk": 54725701641588.914,
        "jerk_post": 26173623591097.2,
        "cc_ratio": 0.0
      },
      "E5-E3": {
        "mae_mrad": 231.81278886326513,
        "mae_post_mrad": 1550.260670763917,
        "peak_err_rad": 1.7439981050596067,
        "recovery_time_s": null,
        "energy_J": 9002.473372287744,
        "energy_post_J": 5308.627766723894,
        "jerk": 55104879614153.8,
        "jerk_post": 26231176366019.273,
        "cc_ratio": 0.4083785974091202
      },
      "E5-MCA": {
        "mae_mrad": 246.5917227276617,
        "mae_post_mrad": 1516.948729433786,
        "peak_err_rad": 1.7843089362980629,
        "recovery_time_s": null,
        "energy_J": 8946.02806542365,
        "energy_post_J": 4876.9490678650045,
        "jerk": 54726302179197.164,
        "jerk_post": 26173555958285.207,
        "cc_ratio": 0.38874448402607437
      },
      "E5-full": {
        "mae_mrad": 227.88683526145675,
        "mae_post_mrad": 1460.8715529778117,
        "peak_err_rad": 1.6913695008256715,
        "recovery_time_s": null,
        "energy_J": 9125.558041123857,
        "energy_post_J": 5567.882968238432,
        "jerk": 55122583427289.63,
        "jerk_post": 26235979616311.664,
        "cc_ratio": 0.5087955383617948
      }
    },
    "D5": {
      "E5-PD": {
        "mae_mrad": 279.0280014415932,
        "mae_post_mrad": 2059.939140741048,
        "peak_err_rad": 2.0714451612680627,
        "recovery_time_s": null,
        "energy_J": 39370.50994200948,
        "energy_post_J": 22414.691577125664,
        "jerk": 50748689665396.38,
        "jerk_post": 25407540061332.16,
        "cc_ratio": 0.0
      },
      "E5-E3": {
        "mae_mrad": 258.01064606910336,
        "mae_post_mrad": 2054.2546850860736,
        "peak_err_rad": 2.09113519030504,
        "recovery_time_s": null,
        "energy_J": 37589.97842061164,
        "energy_post_J": 22760.25738004231,
        "jerk": 56559610589214.92,
        "jerk_post": 26200602216494.668,
        "cc_ratio": 0.3069426489025958
      },
      "E5-MCA": {
        "mae_mrad": 275.7583030446636,
        "mae_post_mrad": 2059.9359961578007,
        "peak_err_rad": 2.070553000513126,
        "recovery_time_s": null,
        "energy_J": 39264.133066250564,
        "energy_post_J": 22414.684786103684,
        "jerk": 50728758001341.875,
        "jerk_post": 25407271654503.777,
        "cc_ratio": 0.24895662372600438
      },
      "E5-full": {
        "mae_mrad": 262.4429614583175,
        "mae_post_mrad": 2060.0550199029367,
        "peak_err_rad": 2.091770670188708,
        "recovery_time_s": null,
        "energy_J": 37260.36072725511,
        "energy_post_J": 22875.77464756595,
        "jerk": 54317335062177.23,
        "jerk_post": 25863648879902.03,
        "cc_ratio": 0.3872593971006524
      }
    }
  }
}