{
  "experiment": "e5",
  "seed": 42,
  "sweep_name": "smoke",
  "results": {
    "D0": {
      "E5-PD": {
        "mae_mrad": 160.6737699503434,
        "mae_post_mrad": 751.0787487966296,
        "peak_err_rad": 1.0204514633757245,
        "recovery_time_s": null,
        "energy_J": 9349.373327897069,
        "energy_post_J": 5100.312474702762,
        "jerk": 53637489988488.88,
        "jerk_post": 26051125096202.094,
        "cc_ratio": 0.0
      },
      "E5-E3": {
        "mae_mrad": 156.112114154731,
        "mae_post_mrad": 732.2947384215698,
        "peak_err_rad": 0.9268704022087604,
        "recovery_time_s": null,
        "energy_J": 9407.952243645848,
        "energy_post_J": 5506.721142473393,
        "jerk": 53655047858874.59,
        "jerk_post": 26052178280141.31,
        "cc_ratio": 0.3616127292897592
      },
      "E5-MCA": {
        "mae_mrad": 156.08493157623482,
        "mae_post_mrad": 726.8064465271734,
        "peak_err_rad": 0.9865601005517619,
        "recovery_time_s": null,
        "energy_J": 9251.844985549596,
        "energy_post_J": 5067.438212757425,
        "jerk": 53640425447841.22,
        "jerk_post": 26051633892561.312,
        "cc_ratio": 0.3370825107553191
      },
      "E5-full": {
        "mae_mrad": 161.55486117044322,
        "mae_post_mrad": 665.9064723392362,
        "peak_err_rad": 0.9155568947100399,
        "recovery_time_s": null,
        "energy_J": 8725.318392774903,
        "energy_post_J": 5004.256914626394,
        "jerk": 53690833437518.734,
        "jerk_post": 26059743337379.46,
        "cc_ratio": 0.4535238560121155
      }
    },
    "D1": {
      "E5-PD": {
        "mae_mrad": 255.46233873494845,
        "mae_post_mrad": 1567.7491316156388,
        "peak_err_rad": 1.8424550976571055,
        "recovery_time_s": null,
        "energy_J": 8699.48358052723,
        "energy_post_J": 4707.907144088536,
        "jerk": 54411601446292.35,
        "jerk_post": 26179501166768.68,
        "cc_ratio": 0.0
      },
      "E5-E3": {
        "mae_mrad": 231.81075395203902,
        "mae_post_mrad": 1549.5975870541395,
        "peak_err_rad": 1.742776188084855,
        "recovery_time_s": null,
        "energy_J": 8984.093123653734,
        "energy_post_J": 5293.622805593735,
        "jerk": 54788976574685.18,
        "jerk_post": 26235771369836.668,
        "cc_ratio": 0.4079785747931774
      },
      "E5-MCA": {
        "mae_mrad": 246.5774257055897,
        "mae_post_mrad": 1516.1502869943974,
        "peak_err_rad": 1.7801005696657286,
        "recovery_time_s": null,
        "energy_J": 8938.927577945546,
        "energy_post_J": 4869.807684787556,
        "jerk": 54411685051449.99,
        "jerk_post": 26180195338812.8,
        "cc_ratio": 0.38857876926708956
      },
      "E5-full": {
        "mae_mrad": 224.4158736608682,
        "mae_post_mrad": 1462.6037866536071,
        "peak_err_rad": 1.699131140702973,
        "recovery_time_s": null,
        "energy_J": 9326.640300463496,
        "energy_post_J": 5540.530630802151,
        "jerk": 54751927191289.97,
        "jerk_post": 26228189648514.863,
        "cc_ratio": 0.5055627060965898
      }
    },
    "D5": {
      "E5-PD": {
        "mae_mrad": 279.0168211795406,
        "mae_post_mrad": 2060.044266982657,
        "peak_err_rad": 2.0711266159378248,
        "recovery_time_s": null,
        "energy_J": 39368.264321700095,
        "energy_post_J": 22414.69125874635,
        "jerk": 52689796822141.36,
        "jerk_post": 26201512568543.75,
        "cc_ratio": 0.0
      },
      "E5-E3": {
        "mae_mrad": 257.85381539290694,
        "mae_post_mrad": 2054.6517144661043,
        "peak_err_rad": 2.0906705217705537,
        "recovery_time_s": null,
        "energy_J": 37526.954707191646,
        "energy_post_J": 22762.6314504667,
        "jerk": 58193572065087.86,
        "jerk_post": 27085948663635.344,
        "cc_ratio": 0.30700092210998037
      },
      "E5-MCA": {
        "mae_mrad": 275.73595875180416,
        "mae_post_mrad": 2060.0029878886444,
        "peak_err_rad": 2.070440360673128,
        "recovery_time_s": null,
        "energy_J": 39262.48266186697,
        "energy_post_J": 22414.690461195365,
        "jerk": 52658856815448.1,
        "jerk_post": 26196718406207.707,
        "cc_ratio": 0.24993796934849935
      },
      "E5-full": {
        "mae_mrad": 262.842826538306,
        "mae_post_mrad": 2060.6190956798337,
        "peak_err_rad": 2.089873372000802,
        "recovery_time_s": null,
        "energy_J": 37265.38930981724,
        "energy_post_J": 22871.08411399702,
        "jerk": 56456287387811.055,
        "jerk_post": 26776424799373.824,
        "cc_ratio": 0.38731652713964854
      }
    }
  }
}