{
  "block_maes_mrad": [
    186.12552799233237,
    210.52867199977237,
    210.50424265020482,
    210.49993749203563,
    210.497457227478,
    210.5045687013249,
    210.5140745298071,
    210.49808546299914,
    210.51002737204786,
    210.51011670960136
  ],
  "final_MAE_post": 210.51011670960136,
  "initial_MAE": 186.12552799233237,
  "MAE_improvement": -0.131011522063446,
  "io_fire_count": 33,
  "io_fire_rate_hz": 0.55,
  "io_fire_interval_mean": 818.8125,
  "condition": "f4_1hz",
  "io_mode": "sparse",
  "io_firing_rate_hz": 1.0,
  "online_lr": 0.0005,
  "seed": 2
}