{
  "experiment": "2b",
  "seed": 2,
  "sweep_name": "condition_sweep_2b/timing_mid",
  "disturbance_time_s": 3.0,
  "disturbance_joint": 1,
  "disturbance_levels": {
    "timing_mid": {
      "PD+CfC": {
        "peak_err_rad": 0.31644402852456294,
        "mae_post_mrad": 106.80558259962964,
        "recovery_time_s": 1.493999999999727
      },
      "Full": {
        "peak_err_rad": 0.3099167047311361,
        "mae_post_mrad": 99.16658488320806,
        "recovery_time_s": 0.04199999999988657
      }
    }
  }
}