{
  "experiment": "2b",
  "seed": 42,
  "sweep_name": "condition_sweep_2b/qnoise_010",
  "disturbance_time_s": 3.0,
  "disturbance_joint": 1,
  "q_init_noise": 0.1,
  "disturbance_levels": {
    "qnoise_010": {
      "PD+CfC": {
        "peak_err_rad": 0.21508741882935928,
        "mae_post_mrad": 112.53946757960726,
        "recovery_time_s": 0.04599999999988613
      },
      "Full": {
        "peak_err_rad": 0.2277055054427845,
        "mae_post_mrad": 112.62852655977736,
        "recovery_time_s": 0.04199999999988657
      }
    }
  }
}