{
  "experiment": "2b",
  "seed": 7,
  "sweep_name": "condition_sweep_2b/timing_early",
  "disturbance_time_s": 2.0,
  "disturbance_joint": 1,
  "disturbance_levels": {
    "timing_early": {
      "PD+CfC": {
        "peak_err_rad": 0.38960790818668295,
        "mae_post_mrad": 135.4201567635064,
        "recovery_time_s": 0.7119999999999229
      },
      "Full": {
        "peak_err_rad": 0.3461135544588126,
        "mae_post_mrad": 125.71859473428374,
        "recovery_time_s": 0.6079999999999344
      }
    }
  }
}