{
  "experiment": "2b",
  "seed": 4,
  "sweep_name": "condition_sweep_2b/joint3_60Nm",
  "disturbance_time_s": 3.0,
  "disturbance_joint": 3,
  "q_init_noise": 0.0,
  "disturbance_levels": {
    "joint3_60Nm": {
      "PD+CfC": {
        "peak_err_rad": 0.19058335633880708,
        "mae_post_mrad": 88.74201825285505,
        "recovery_time_s": 0.17199999999987226
      },
      "Full": {
        "peak_err_rad": 0.2588676118955999,
        "mae_post_mrad": 85.08920568967966,
        "recovery_time_s": 0.04199999999988657
      }
    }
  }
}