{
  "block_maes_mrad": [
    186.9194881727936,
    210.7000078606596,
    210.51528536196682,
    210.5259852958072,
    210.51972693717573,
    210.51634401434876,
    210.5311276909871,
    210.52303942270262,
    210.51764953542016,
    210.52537315909495
  ],
  "final_MAE_post": 210.52537315909495,
  "initial_MAE": 186.9194881727936,
  "MAE_improvement": -0.126289052131114,
  "io_fire_count": 38,
  "io_fire_rate_hz": 0.6333,
  "io_fire_interval_mean": 717.027,
  "condition": "f4_1hz",
  "io_mode": "sparse",
  "io_firing_rate_hz": 1.0,
  "online_lr": 0.0005,
  "seed": 5
}