{
  "experiment": "2c",
  "seed": 1,
  "sweep_name": "condition_sweep_2c/tau_020_taur060",
  "sim_duration_s": 9.0,
  "load_time_s": 3.0,
  "load_joint": 1,
  "load_torque_nm": -25.0,
  "endpoint_joint": 1,
  "cpg_amplitude": 0.3,
  "cpg_tau": 0.2,
  "cpg_tau_r": 0.6,
  "conditions": {
    "CPG+CfC": {
      "ep_err_pre_mrad": 357.23799987176864,
      "ep_err_post_mrad": 579.3187292801836,
      "mae_post_mrad": 174.31440689023904,
      "recovery_time_s": 0.8779999999997945
    },
    "CPG+CfC+LIF_FB": {
      "ep_err_pre_mrad": 296.02842327702115,
      "ep_err_post_mrad": 588.2657367401919,
      "mae_post_mrad": 167.13550333228432,
      "recovery_time_s": 2.767999999999587
    }
  }
}