{
  "experiment": "e1",
  "seed": 5,
  "sweep_name": "default",
  "static": {
    "E1-A0": {
      "mae_mrad": 125.42676388376928,
      "pred_err_mean_mrad": null
    },
    "E1-MLP": {
      "mae_mrad": 54.43310164390001,
      "pred_err_mean_mrad": null
    },
    "E1-fwd": {
      "mae_mrad": 103.71851200915508,
      "pred_err_mean_mrad": 103.74072434178152
    },
    "E1-fwd-online": {
      "mae_mrad": 103.72471409292405,
      "pred_err_mean_mrad": 103.71655095429989
    }
  },
  "disturbance": {
    "E1-A0": {
      "peak_err_rad": 0.340668073725131,
      "mae_post_mrad": 125.63406497647958,
      "recovery_time_s": 0.1079999999998793,
      "adapt_time_s": null
    },
    "E1-MLP": {
      "peak_err_rad": 0.36669630791656493,
      "mae_post_mrad": 63.80136135612037,
      "recovery_time_s": 0.673999999999817,
      "adapt_time_s": null
    },
    "E1-fwd": {
      "peak_err_rad": 0.6124267381935712,
      "mae_post_mrad": 110.89994879350493,
      "recovery_time_s": null,
      "adapt_time_s": null
    },
    "E1-fwd-online": {
      "peak_err_rad": 0.6123688574472576,
      "mae_post_mrad": 110.9053809904537,
      "recovery_time_s": null,
      "adapt_time_s": null
    }
  },
  "training": {
    "n_epochs": 300,
    "n_traj": 500,
    "fwd_final_loss": 0.16581677865982056
  }
}