{
  "experiment": "e5",
  "seed": 2,
  "sweep_name": "sweep11",
  "results": {
    "D0": {
      "E5-PD": {
        "mae_mrad": 160.67676813699322,
        "mae_post_mrad": 750.949098063628,
        "peak_err_rad": 1.019021653001429,
        "recovery_time_s": null,
        "energy_J": 9347.423141698939,
        "energy_post_J": 5098.572851699062,
        "jerk": 55159739635410.21,
        "jerk_post": 26718448177193.215,
        "cc_ratio": 0.0
      },
      "E5-E3": {
        "mae_mrad": 156.01345554143552,
        "mae_post_mrad": 732.1623005843079,
        "peak_err_rad": 0.9236247700579792,
        "recovery_time_s": null,
        "energy_J": 9402.092390120097,
        "energy_post_J": 5502.685703401733,
        "jerk": 55179152319760.82,
        "jerk_post": 26723342955371.402,
        "cc_ratio": 0.36141818550570753
      },
      "E5-MCA": {
        "mae_mrad": 156.0927128583532,
        "mae_post_mrad": 726.693790512034,
        "peak_err_rad": 0.9842816304880464,
        "recovery_time_s": null,
        "energy_J": 9249.91062094153,
        "energy_post_J": 5065.645579912914,
        "jerk": 55161498047866.766,
        "jerk_post": 26718945414381.824,
        "cc_ratio": 0.33691847421243476
      },
      "E5-full": {
        "mae_mrad": 161.6019845257903,
        "mae_post_mrad": 665.7348238435709,
        "peak_err_rad": 0.9125597521738784,
        "recovery_time_s": null,
        "energy_J": 8720.359624322418,
        "energy_post_J": 4999.89310733801,
        "jerk": 55205778914584.84,
        "jerk_post": 26724664941670.54,
        "cc_ratio": 0.45354888323166936
      }
    },
    "D1": {
      "E5-PD": {
        "mae_mrad": 255.5065819392809,
        "mae_post_mrad": 1569.183946027744,
        "peak_err_rad": 1.850863336597637,
        "recovery_time_s": null,
        "energy_J": 8709.475303691299,
        "energy_post_J": 4718.035412738109,
        "jerk": 55613112249150.195,
        "jerk_post": 27294098422723.4,
        "cc_ratio": 0.0
      },
      "E5-E3": {
        "mae_mrad": 232.00023729952798,
        "mae_post_mrad": 1550.5628707753513,
        "peak_err_rad": 1.748585848696659,
        "recovery_time_s": null,
        "energy_J": 9012.757528571294,
        "energy_post_J": 5317.718089435557,
        "jerk": 55985813965029.04,
        "jerk_post": 27354255900322.938,
        "cc_ratio": 0.4078093596846183
      },
      "E5-MCA": {
        "mae_mrad": 246.61899995811464,
        "mae_post_mrad": 1517.4567042523868,
        "peak_err_rad": 1.7913567155751597,
        "recovery_time_s": null,
        "energy_J": 8950.528028392187,
        "energy_post_J": 4881.726827848615,
        "jerk": 55616325428311.74,
        "jerk_post": 27294621807963.008,
        "cc_ratio": 0.3886895491131032
      },
      "E5-full": {
        "mae_mrad": 228.22602499124142,
        "mae_post_mrad": 1461.5562194638114,
        "peak_err_rad": 1.697571342165269,
        "recovery_time_s": null,
        "energy_J": 9135.840901408346,
        "energy_post_J": 5576.7924469034415,
        "jerk": 56009062250624.08,
        "jerk_post": 27359492513094.2,
        "cc_ratio": 0.5085288500591835
      }
    },
    "D5": {
      "E5-PD": {
        "mae_mrad": 279.0153964841161,
        "mae_post_mrad": 2059.686498910419,
        "peak_err_rad": 2.0711878346247543,
        "recovery_time_s": null,
        "energy_J": 39369.95724921754,
        "energy_post_J": 22414.740796064027,
        "jerk": 53086445794090.336,
        "jerk_post": 26280163420917.33,
        "cc_ratio": 0.0
      },
      "E5-E3": {
        "mae_mrad": 261.4250525339682,
        "mae_post_mrad": 2055.5625683917133,
        "peak_err_rad": 2.0959436729878855,
        "recovery_time_s": null,
        "energy_J": 37478.81125368354,
        "energy_post_J": 22774.111413366394,
        "jerk": 56834148045720.58,
        "jerk_post": 26841038032329.777,
        "cc_ratio": 0.30510944981984445
      },
      "E5-MCA": {
        "mae_mrad": 275.8044808581076,
        "mae_post_mrad": 2060.5085060536967,
        "peak_err_rad": 2.0695463759131343,
        "recovery_time_s": null,
        "energy_J": 39263.14765737298,
        "energy_post_J": 22414.619823900983,
        "jerk": 53042377378407.03,
        "jerk_post": 26273882157745.52,
        "cc_ratio": 0.2492084547793836
      },
      "E5-full": {
        "mae_mrad": 262.93923202171464,
        "mae_post_mrad": 2060.2475208423125,
        "peak_err_rad": 2.092492716494737,
        "recovery_time_s": null,
        "energy_J": 37274.73726931965,
        "energy_post_J": 22881.792515652174,
        "jerk": 57051749866393.44,
        "jerk_post": 26893715072273.613,
        "cc_ratio": 0.38722341546724676
      }
    }
  }
}