{
  "experiment": "2b",
  "seed": 0,
  "sweep_name": "condition_sweep_2b/qnoise_010",
  "disturbance_time_s": 3.0,
  "disturbance_joint": 1,
  "q_init_noise": 0.1,
  "disturbance_levels": {
    "qnoise_010": {
      "PD+CfC": {
        "peak_err_rad": 0.31601191187318856,
        "mae_post_mrad": 77.8191382551627,
        "recovery_time_s": 0.6039999999998247
      },
      "Full": {
        "peak_err_rad": 0.27301777961521834,
        "mae_post_mrad": 83.16388276428447,
        "recovery_time_s": 0.6719999999998172
      }
    }
  }
}