{
  "experiment": "2c",
  "seed": 0,
  "sweep_name": "condition_sweep_2c/tau_020",
  "sim_duration_s": 9.0,
  "load_time_s": 3.0,
  "load_joint": 1,
  "load_torque_nm": -25.0,
  "endpoint_joint": 1,
  "cpg_amplitude": 0.3,
  "cpg_tau": 0.2,
  "conditions": {
    "CPG+CfC": {
      "ep_err_pre_mrad": 148.155039969889,
      "ep_err_post_mrad": 266.55975566212675,
      "mae_post_mrad": 125.6223928854047,
      "recovery_time_s": 1.5779999999997179
    },
    "CPG+CfC+LIF_FB": {
      "ep_err_pre_mrad": 122.08512936838112,
      "ep_err_post_mrad": 319.93654281545093,
      "mae_post_mrad": 136.64863870449543,
      "recovery_time_s": 1.5739999999997183
    }
  }
}