{
  "experiment": "2a",
  "seed": 6,
  "conditions": {
    "PD": {
      "static_mae_mrad": 158.41640843640147
    },
    "PD+CfC": {
      "static_mae_mrad": 180.22203330181694
    },
    "Full": {
      "static_mae_mrad": 166.89277055498786
    }
  }
}