{
  "experiment": "2b",
  "seed": 3,
  "sweep_name": "condition_sweep_2b/timing_mid",
  "disturbance_time_s": 3.0,
  "disturbance_joint": 1,
  "disturbance_levels": {
    "timing_mid": {
      "PD+CfC": {
        "peak_err_rad": 0.2387942400833702,
        "mae_post_mrad": 82.60401635493909,
        "recovery_time_s": 0.5659999999998289
      },
      "Full": {
        "peak_err_rad": 0.18891933388204077,
        "mae_post_mrad": 76.50814562071167,
        "recovery_time_s": 0.04199999999988657
      }
    }
  }
}