{
  "experiment": "2b",
  "seed": 5,
  "sweep_name": "condition_sweep_2b/joint5_60Nm",
  "disturbance_time_s": 3.0,
  "disturbance_joint": 5,
  "q_init_noise": 0.0,
  "disturbance_levels": {
    "joint5_60Nm": {
      "PD+CfC": {
        "peak_err_rad": 0.2853169365566015,
        "mae_post_mrad": 133.11534156919336,
        "recovery_time_s": 0.04199999999988657
      },
      "Full": {
        "peak_err_rad": 0.2858910736064193,
        "mae_post_mrad": 127.45563385112219,
        "recovery_time_s": 0.22199999999986675
      }
    }
  }
}