{
  "experiment": "2b",
  "seed": 9,
  "sweep_name": "condition_sweep_2b/timing_late",
  "disturbance_time_s": 4.0,
  "disturbance_joint": 1,
  "disturbance_levels": {
    "timing_late": {
      "PD+CfC": {
        "peak_err_rad": 0.7169151658856356,
        "mae_post_mrad": 131.7888425186219,
        "recovery_time_s": 0.04199999999977688
      },
      "Full": {
        "peak_err_rad": 0.8767248249574264,
        "mae_post_mrad": 136.89203408242187,
        "recovery_time_s": 0.6099999999997143
      }
    }
  }
}