{
  "experiment": "e4",
  "seed": 8,
  "sweep_name": "sweep11",
  "hold_results": {
    "D0": {
      "E4-PD": {
        "mae_mrad": 160.68026787627625,
        "peak_err_rad": 1.0195787591334247,
        "recovery_time_s": null,
        "mae_post_mrad": 751.1352769513139
      },
      "E4-E3": {
        "mae_mrad": 156.02052398434483,
        "peak_err_rad": 0.9257634880222907,
        "recovery_time_s": null,
        "mae_post_mrad": 732.3475753026278
      },
      "E4-MCA": {
        "mae_mrad": 156.0888549391127,
        "peak_err_rad": 0.9846128349458512,
        "recovery_time_s": null,
        "mae_post_mrad": 726.844926761444
      },
      "E4-full": {
        "mae_mrad": 161.57037258192682,
        "peak_err_rad": 0.9137142519582071,
        "recovery_time_s": null,
        "mae_post_mrad": 665.696543888582
      }
    },
    "D1": {
      "E4-PD": {
        "mae_mrad": 255.47261156269684,
        "peak_err_rad": 1.8408516704713356,
        "recovery_time_s": null,
        "mae_post_mrad": 1567.762048486302
      },
      "E4-E3": {
        "mae_mrad": 231.9041836752884,
        "peak_err_rad": 1.74259197934615,
        "recovery_time_s": null,
        "mae_post_mrad": 1549.4353879568955
      },
      "E4-MCA": {
        "mae_mrad": 246.58163122875777,
        "peak_err_rad": 1.7800440310914907,
        "recovery_time_s": null,
        "mae_post_mrad": 1516.1613057676423
      },
      "E4-full": {
        "mae_mrad": 227.76166092177593,
        "peak_err_rad": 1.6856826677525865,
        "recovery_time_s": null,
        "mae_post_mrad": 1458.7777796265245
      }
    },
    "D5": {
      "E4-PD": {
        "mae_mrad": 279.05297770836876,
        "peak_err_rad": 2.071937113841814,
        "recovery_time_s": null,
        "mae_post_mrad": 2060.2347867538847
      },
      "E4-E3": {
        "mae_mrad": 257.94572007268084,
        "peak_err_rad": 2.097130050900533,
        "recovery_time_s": null,
        "mae_post_mrad": 2054.7729112221646
      },
      "E4-MCA": {
        "mae_mrad": 275.78718532433595,
        "peak_err_rad": 2.0717030283600937,
        "recovery_time_s": null,
        "mae_post_mrad": 2060.224800680742
      },
      "E4-full": {
        "mae_mrad": 262.4884598914968,
        "peak_err_rad": 2.0884049074353133,
        "recovery_time_s": null,
        "mae_post_mrad": 2061.07180351148
      }
    }
  },
  "switch_results": {
    "E4-PD-switch": {
      "hold_mae_mrad": 158.64679167881405,
      "oscillate_mae_mrad": 166.981519294622,
      "transition_jerk": 17587701606904.746,
      "jerk_3s": 8945078774855.166,
      "jerk_6s": 8642622832049.579
    },
    "E4-MCA-switch": {
      "hold_mae_mrad": 155.5217494199329,
      "oscillate_mae_mrad": 168.742998021765,
      "transition_jerk": 17587986325339.559,
      "jerk_3s": 8945133502844.01,
      "jerk_6s": 8642852822495.548
    }
  }
}