{
  "experiment": "2b",
  "seed": 6,
  "sweep_name": "condition_sweep_2b/torque_75",
  "disturbance_time_s": 3.0,
  "disturbance_joint": 1,
  "disturbance_levels": {
    "torque_75": {
      "PD+CfC": {
        "peak_err_rad": 0.1250117005722748,
        "mae_post_mrad": 183.56045884101746,
        "recovery_time_s": 0.04199999999988657
      },
      "Full": {
        "peak_err_rad": 0.12112206101399198,
        "mae_post_mrad": 158.51662063787666,
        "recovery_time_s": 0.04199999999988657
      }
    }
  }
}