{
  "experiment": "2c",
  "seed": 6,
  "sweep_name": "condition_sweep_2c/tau_035_taur050",
  "sim_duration_s": 9.0,
  "load_time_s": 3.0,
  "load_joint": 1,
  "load_torque_nm": -25.0,
  "endpoint_joint": 1,
  "cpg_amplitude": 0.3,
  "cpg_tau": 0.35,
  "cpg_tau_r": 0.5,
  "conditions": {
    "CPG+CfC": {
      "ep_err_pre_mrad": 131.36622717923134,
      "ep_err_post_mrad": 313.66375259904135,
      "mae_post_mrad": 175.0790620585332,
      "recovery_time_s": 3.6699999999994874
    },
    "CPG+CfC+LIF_FB": {
      "ep_err_pre_mrad": 131.12029771301377,
      "ep_err_post_mrad": 332.7847095162193,
      "mae_post_mrad": 180.0033250887422,
      "recovery_time_s": 3.6719999999994872
    }
  }
}