{
  "experiment": "2c",
  "seed": 0,
  "sweep_name": "condition_sweep_2c/tau_025_taur060",
  "sim_duration_s": 9.0,
  "load_time_s": 3.0,
  "load_joint": 1,
  "load_torque_nm": -25.0,
  "endpoint_joint": 1,
  "cpg_amplitude": 0.3,
  "cpg_tau": 0.25,
  "cpg_tau_r": 0.6,
  "conditions": {
    "CPG+CfC": {
      "ep_err_pre_mrad": 115.00944261869287,
      "ep_err_post_mrad": 295.21950046990736,
      "mae_post_mrad": 103.99803948636372,
      "recovery_time_s": 0.19999999999986917
    },
    "CPG+CfC+LIF_FB": {
      "ep_err_pre_mrad": 120.37594621292615,
      "ep_err_post_mrad": 237.65416548108124,
      "mae_post_mrad": 111.17872603265594,
      "recovery_time_s": 0.21999999999986697
    }
  }
}