{
  "block_maes_mrad": [
    185.8640082791492,
    210.56331003728556,
    210.52677332224178,
    210.5479041256841,
    210.52754262012405,
    210.53945004423278,
    210.52976629691568,
    210.53426087456296,
    210.54516758911203,
    210.53927765298383
  ],
  "final_MAE_post": 210.53927765298383,
  "initial_MAE": 185.8640082791492,
  "MAE_improvement": -0.13275980434384085,
  "io_fire_count": 35,
  "io_fire_rate_hz": 0.5833,
  "io_fire_interval_mean": 827.2941,
  "condition": "f4_1hz",
  "io_mode": "sparse",
  "io_firing_rate_hz": 1.0,
  "online_lr": 0.0005,
  "seed": 3
}