{
  "experiment": "2b",
  "seed": 4,
  "sweep_name": "condition_sweep_2b/timing_mid",
  "disturbance_time_s": 3.0,
  "disturbance_joint": 1,
  "disturbance_levels": {
    "timing_mid": {
      "PD+CfC": {
        "peak_err_rad": 0.5578231065845025,
        "mae_post_mrad": 95.11870074729954,
        "recovery_time_s": 0.4259999999998443
      },
      "Full": {
        "peak_err_rad": 0.3688150863806658,
        "mae_post_mrad": 83.02581298585122,
        "recovery_time_s": 0.2979999999998584
      }
    }
  }
}