{
  "experiment": "ef",
  "seed": 5,
  "sweep_name": "sweep11",
  "fwd_model_loaded": true,
  "results": {
    "D0": {
      "EF-PD": {
        "mae_mrad": 160.67330785983802,
        "mae_post_mrad": 751.0236012970419,
        "peak_err_rad": 1.0204882604516767,
        "recovery_time_s": null,
        "energy_J": 9349.317380087106,
        "energy_post_J": 5100.3195860886335,
        "jerk": 55064131779807.64,
        "jerk_post": 26521842400399.68,
        "cc_ratio": 0.0,
        "pred_err_mrad": NaN
      },
      "EF-E4": {
        "mae_mrad": 161.67701524683687,
        "mae_post_mrad": 665.826581347138,
        "peak_err_rad": 0.9129845402571621,
        "recovery_time_s": null,
        "energy_J": 8721.312565169432,
        "energy_post_J": 5004.221754489298,
        "jerk": 55116912638109.836,
        "jerk_post": 26532843389989.46,
        "cc_ratio": 0.45387127523035925,
        "pred_err_mrad": NaN
      },
      "EF-cereb": {
        "mae_mrad": 105.9781865547638,
        "mae_post_mrad": 401.76450446221173,
        "peak_err_rad": 0.6173242784872675,
        "recovery_time_s": null,
        "energy_J": 7231.9878493275855,
        "energy_post_J": 3903.318391796927,
        "jerk": 55361007655072.24,
        "jerk_post": 26903322720130.71,
        "cc_ratio": 0.0,
        "pred_err_mrad": 0.14861074389691434
      },
      "EF-full": {
        "mae_mrad": 119.26529619795407,
        "mae_post_mrad": 371.4234160169155,
        "peak_err_rad": 0.5571199537703179,
        "recovery_time_s": null,
        "energy_J": 7211.715187101598,
        "energy_post_J": 4105.468704014195,
        "jerk": 55126132144717.46,
        "jerk_post": 26862976823649.98,
        "cc_ratio": 0.44054697110012636,
        "pred_err_mrad": 0.24119987250885994
      }
    },
    "D1": {
      "EF-PD": {
        "mae_mrad": 255.45333709084545,
        "mae_post_mrad": 1567.312776262952,
        "peak_err_rad": 1.8379818305251188,
        "recovery_time_s": null,
        "energy_J": 8696.335718096509,
        "energy_post_J": 4704.830758113077,
        "jerk": 55358406494752.09,
        "jerk_post": 26581719951424.473,
        "cc_ratio": 0.0,
        "pred_err_mrad": NaN
      },
      "EF-E4": {
        "mae_mrad": 227.99690022271315,
        "mae_post_mrad": 1457.5199678529507,
        "peak_err_rad": 1.6805412980901313,
        "recovery_time_s": null,
        "energy_J": 9102.174936099706,
        "energy_post_J": 5542.7267291321095,
        "jerk": 55700002015110.336,
        "jerk_post": 26640564085079.92,
        "cc_ratio": 0.5099328365913249,
        "pred_err_mrad": NaN
      },
      "EF-cereb": {
        "mae_mrad": 160.63672112864944,
        "mae_post_mrad": 749.7685888661016,
        "peak_err_rad": 1.0109300610256753,
        "recovery_time_s": null,
        "energy_J": 9329.120736600333,
        "energy_post_J": 5080.349401212023,
        "jerk": 54493575412663.77,
        "jerk_post": 25750569520623.996,
        "cc_ratio": 0.0,
        "pred_err_mrad": 0.17809524116132863
      },
      "EF-full": {
        "mae_mrad": 161.5873502516905,
        "mae_post_mrad": 663.7426690293798,
        "peak_err_rad": 0.9034546393860918,
        "recovery_time_s": null,
        "energy_J": 8682.651984732249,
        "energy_post_J": 4965.477944227176,
        "jerk": 54541007739243.02,
        "jerk_post": 25758171533134.168,
        "cc_ratio": 0.4538711206196191,
        "pred_err_mrad": 0.28725351497337626
      }
    },
    "D5": {
      "EF-PD": {
        "mae_mrad": 279.01848191442576,
        "mae_post_mrad": 2059.785671316971,
        "peak_err_rad": 2.0708488287537667,
        "recovery_time_s": null,
        "energy_J": 39368.36075045541,
        "energy_post_J": 22414.71686431092,
        "jerk": 53321813767945.34,
        "jerk_post": 26733143372444.99,
        "cc_ratio": 0.0,
        "pred_err_mrad": NaN
      },
      "EF-E4": {
        "mae_mrad": 263.0823710356907,
        "mae_post_mrad": 2060.778527355764,
        "peak_err_rad": 2.091387143866209,
        "recovery_time_s": null,
        "energy_J": 37261.89825972395,
        "energy_post_J": 22878.277052149966,
        "jerk": 57205065266030.5,
        "jerk_post": 27337664917838.34,
        "cc_ratio": 0.3873130092239839,
        "pred_err_mrad": NaN
      },
      "EF-cereb": {
        "mae_mrad": 264.4590719831746,
        "mae_post_mrad": 2060.6874462394267,
        "peak_err_rad": 2.0696420036596828,
        "recovery_time_s": null,
        "energy_J": 39310.90294961027,
        "energy_post_J": 22416.05850259413,
        "jerk": 52392670549115.76,
        "jerk_post": 25937563646032.527,
        "cc_ratio": 0.0,
        "pred_err_mrad": 0.2634047132482913
      },
      "EF-full": {
        "mae_mrad": 202.50693503835794,
        "mae_post_mrad": 1876.9265094721668,
        "peak_err_rad": 2.089518812373673,
        "recovery_time_s": null,
        "energy_J": 27153.90444948647,
        "energy_post_J": 23164.669049112872,
        "jerk": 54667272530322.086,
        "jerk_post": 26259698408122.145,
        "cc_ratio": 0.348518529043015,
        "pred_err_mrad": 0.3371078618247142
      }
    }
  }
}