{
  "experiment": "ef",
  "seed": 3,
  "sweep_name": "sweep11",
  "fwd_model_loaded": true,
  "results": {
    "D0": {
      "EF-PD": {
        "mae_mrad": 160.64970557722626,
        "mae_post_mrad": 750.491891110246,
        "peak_err_rad": 1.0183723463765277,
        "recovery_time_s": null,
        "energy_J": 9341.489991711278,
        "energy_post_J": 5092.311644913415,
        "jerk": 54642821245920.06,
        "jerk_post": 26949259446430.305,
        "cc_ratio": 0.0,
        "pred_err_mrad": NaN
      },
      "EF-E4": {
        "mae_mrad": 161.6210488190294,
        "mae_post_mrad": 665.1015932114617,
        "peak_err_rad": 0.911427218147516,
        "recovery_time_s": null,
        "energy_J": 8710.01709459901,
        "energy_post_J": 4990.453004056663,
        "jerk": 54691434485115.44,
        "jerk_post": 26957299339955.125,
        "cc_ratio": 0.4541403932855777,
        "pred_err_mrad": NaN
      },
      "EF-cereb": {
        "mae_mrad": 105.97602030225197,
        "mae_post_mrad": 401.5059298404614,
        "peak_err_rad": 0.6154960109855507,
        "recovery_time_s": null,
        "energy_J": 7225.979877163271,
        "energy_post_J": 3896.328557423962,
        "jerk": 55897260644961.33,
        "jerk_post": 27282155341247.426,
        "cc_ratio": 0.0,
        "pred_err_mrad": 0.1908952661861335
      },
      "EF-full": {
        "mae_mrad": 119.34893267815967,
        "mae_post_mrad": 371.067685332256,
        "peak_err_rad": 0.5557883564750947,
        "recovery_time_s": null,
        "energy_J": 7200.132255263902,
        "energy_post_J": 4094.2519974633315,
        "jerk": 55668648555678.98,
        "jerk_post": 27245931122889.6,
        "cc_ratio": 0.44054804065054337,
        "pred_err_mrad": 0.27765576713553136
      }
    },
    "D1": {
      "EF-PD": {
        "mae_mrad": 255.49277618360057,
        "mae_post_mrad": 1568.657298728929,
        "peak_err_rad": 1.8474653179618685,
        "recovery_time_s": null,
        "energy_J": 8705.421628909857,
        "energy_post_J": 4714.0816848680015,
        "jerk": 55751109617351.25,
        "jerk_post": 26678015620941.125,
        "cc_ratio": 0.0,
        "pred_err_mrad": NaN
      },
      "EF-E4": {
        "mae_mrad": 228.1524389177196,
        "mae_post_mrad": 1460.2501251139868,
        "peak_err_rad": 1.6911655727900807,
        "recovery_time_s": null,
        "energy_J": 9119.98632741895,
        "energy_post_J": 5570.358102534288,
        "jerk": 56175946044829.47,
        "jerk_post": 26748881963682.336,
        "cc_ratio": 0.5088894762987365,
        "pred_err_mrad": NaN
      },
      "EF-cereb": {
        "mae_mrad": 160.66922608629463,
        "mae_post_mrad": 751.0917465168757,
        "peak_err_rad": 1.0179898894677932,
        "recovery_time_s": null,
        "energy_J": 9347.485728196994,
        "energy_post_J": 5099.577233900744,
        "jerk": 53545801264671.805,
        "jerk_post": 25697560353500.258,
        "cc_ratio": 0.0,
        "pred_err_mrad": 0.21093418278874482
      },
      "EF-full": {
        "mae_mrad": 161.63549616035579,
        "mae_post_mrad": 665.4137609217029,
        "peak_err_rad": 0.9124178431355123,
        "recovery_time_s": null,
        "energy_J": 8712.510201066256,
        "energy_post_J": 4996.2888993222,
        "jerk": 53590406395312.766,
        "jerk_post": 25703115297968.9,
        "cc_ratio": 0.45356370807323565,
        "pred_err_mrad": 0.3142215403438338
      }
    },
    "D5": {
      "EF-PD": {
        "mae_mrad": 278.9994964550698,
        "mae_post_mrad": 2059.6555521204805,
        "peak_err_rad": 2.0694075936725564,
        "recovery_time_s": null,
        "energy_J": 39367.7538776243,
        "energy_post_J": 22414.711596503825,
        "jerk": 52483845902266.25,
        "jerk_post": 26468778552878.336,
        "cc_ratio": 0.0,
        "pred_err_mrad": NaN
      },
      "EF-E4": {
        "mae_mrad": 263.0215370985827,
        "mae_post_mrad": 2060.543906250988,
        "peak_err_rad": 2.092006363592136,
        "recovery_time_s": null,
        "energy_J": 37260.17021484983,
        "energy_post_J": 22876.601813166766,
        "jerk": 56178779587648.414,
        "jerk_post": 27123107121384.566,
        "cc_ratio": 0.3872809925912149,
        "pred_err_mrad": NaN
      },
      "EF-cereb": {
        "mae_mrad": 264.491704993457,
        "mae_post_mrad": 2060.6754643302347,
        "peak_err_rad": 2.0693546884413805,
        "recovery_time_s": null,
        "energy_J": 39318.67851030737,
        "energy_post_J": 22416.006914765345,
        "jerk": 52200310807640.516,
        "jerk_post": 25762390588091.88,
        "cc_ratio": 0.0,
        "pred_err_mrad": 0.2926412126828635
      },
      "EF-full": {
        "mae_mrad": 198.3882622305779,
        "mae_post_mrad": 1842.4925766728227,
        "peak_err_rad": 2.08670798020873,
        "recovery_time_s": null,
        "energy_J": 26580.364271347105,
        "energy_post_J": 23098.671127996553,
        "jerk": 54555777367756.836,
        "jerk_post": 26167574734317.508,
        "cc_ratio": 0.3522936112030232,
        "pred_err_mrad": 0.369285074604301
      }
    }
  }
}