{
  "experiment": "2b",
  "seed": 3,
  "sweep_name": "condition_sweep_2b/timing_late",
  "disturbance_time_s": 4.0,
  "disturbance_joint": 1,
  "disturbance_levels": {
    "timing_late": {
      "PD+CfC": {
        "peak_err_rad": 0.29003831703398364,
        "mae_post_mrad": 93.0996164710325,
        "recovery_time_s": 0.04199999999977688
      },
      "Full": {
        "peak_err_rad": 0.3280301286126716,
        "mae_post_mrad": 80.51778254334376,
        "recovery_time_s": 0.5659999999997192
      }
    }
  }
}