{
  "experiment": "2b",
  "seed": 42,
  "sweep_name": "condition_sweep_2b/torque_75",
  "disturbance_time_s": 3.0,
  "disturbance_joint": 1,
  "disturbance_levels": {
    "torque_75": {
      "PD+CfC": {
        "peak_err_rad": 0.20825724155825148,
        "mae_post_mrad": 111.52604372593235,
        "recovery_time_s": 0.05599999999988503
      },
      "Full": {
        "peak_err_rad": 0.2086107998581484,
        "mae_post_mrad": 112.3408160177908,
        "recovery_time_s": 0.04399999999988635
      }
    }
  }
}