{
  "experiment": "2c",
  "seed": 42,
  "sweep_name": "condition_sweep_2c/tau_025_taur060",
  "sim_duration_s": 9.0,
  "load_time_s": 3.0,
  "load_joint": 1,
  "load_torque_nm": -25.0,
  "endpoint_joint": 1,
  "cpg_amplitude": 0.3,
  "cpg_tau": 0.25,
  "cpg_tau_r": 0.6,
  "conditions": {
    "CPG+CfC": {
      "ep_err_pre_mrad": 237.8226831217454,
      "ep_err_post_mrad": 300.1064719365701,
      "mae_post_mrad": 132.9127764545351,
      "recovery_time_s": 1.2439999999997546
    },
    "CPG+CfC+LIF_FB": {
      "ep_err_pre_mrad": 240.96252158298594,
      "ep_err_post_mrad": 331.27353354395257,
      "mae_post_mrad": 133.10369430575489,
      "recovery_time_s": 3.345999999999523
    }
  }
}