{
  "block_maes_mrad": [
    186.09167137949686,
    210.53064870327557,
    210.51809345054374,
    210.51651969732748,
    210.50951067254965,
    210.5191693098625,
    210.51561470469258,
    210.5342715040014,
    210.52754881582052,
    210.51665751545914
  ],
  "final_MAE_post": 210.51665751545914,
  "initial_MAE": 186.09167137949686,
  "MAE_improvement": -0.13125244109405168,
  "io_fire_count": 31,
  "io_fire_rate_hz": 0.5167,
  "io_fire_interval_mean": 916.3667,
  "condition": "f4_1hz",
  "io_mode": "sparse",
  "io_firing_rate_hz": 1.0,
  "online_lr": 0.0005,
  "seed": 4
}