{
  "experiment": "2c",
  "seed": 6,
  "sweep_name": "condition_sweep_2c/tau_025_taur060",
  "sim_duration_s": 9.0,
  "load_time_s": 3.0,
  "load_joint": 1,
  "load_torque_nm": -25.0,
  "endpoint_joint": 1,
  "cpg_amplitude": 0.3,
  "cpg_tau": 0.25,
  "cpg_tau_r": 0.6,
  "conditions": {
    "CPG+CfC": {
      "ep_err_pre_mrad": 177.97334179449342,
      "ep_err_post_mrad": 227.78713068328912,
      "mae_post_mrad": 167.50413412107238,
      "recovery_time_s": 0.19999999999986917
    },
    "CPG+CfC+LIF_FB": {
      "ep_err_pre_mrad": 148.21386143211768,
      "ep_err_post_mrad": 273.8050602907919,
      "mae_post_mrad": 170.8082901708732,
      "recovery_time_s": 0.2079999999998683
    }
  }
}