{
  "experiment": "2b",
  "seed": 8,
  "sweep_name": "condition_sweep_2b/qnoise_010",
  "disturbance_time_s": 3.0,
  "disturbance_joint": 1,
  "q_init_noise": 0.1,
  "disturbance_levels": {
    "qnoise_010": {
      "PD+CfC": {
        "peak_err_rad": 0.2527448708788699,
        "mae_post_mrad": 110.47280656704824,
        "recovery_time_s": 0.45999999999984054
      },
      "Full": {
        "peak_err_rad": 0.3729593813530154,
        "mae_post_mrad": 122.30674382507755,
        "recovery_time_s": 0.04199999999988657
      }
    }
  }
}