{
  "experiment": "2c",
  "seed": 2,
  "sweep_name": "condition_sweep_2c/amp035_load30",
  "sim_duration_s": 9.0,
  "load_time_s": 3.0,
  "load_joint": 1,
  "load_torque_nm": -30.0,
  "endpoint_joint": 1,
  "cpg_amplitude": 0.35,
  "conditions": {
    "CPG+CfC": {
      "ep_err_pre_mrad": 180.46862510361254,
      "ep_err_post_mrad": 299.4437086009122,
      "mae_post_mrad": 140.52572120315818,
      "recovery_time_s": 1.5979999999997156
    },
    "CPG+CfC+LIF_FB": {
      "ep_err_pre_mrad": 153.317012166848,
      "ep_err_post_mrad": 321.1970841696508,
      "mae_post_mrad": 138.9801699550347,
      "recovery_time_s": 1.6159999999997137
    }
  }
}