{
  "block_maes_mrad": [
    186.0893616534394,
    210.52227481293383,
    210.50848593082642,
    210.50919796992054,
    210.50340975781762,
    210.51326033996256,
    210.5101335536047,
    210.5239427039825,
    210.51049248206618,
    210.49596322121891
  ],
  "final_MAE_post": 210.49596322121891,
  "initial_MAE": 186.0893616534394,
  "MAE_improvement": -0.131155275888912,
  "io_fire_count": 308,
  "io_fire_rate_hz": 5.1333,
  "io_fire_interval_mean": 97.3322,
  "condition": "f4_10hz",
  "io_mode": "sparse",
  "io_firing_rate_hz": 10.0,
  "online_lr": 0.0005,
  "seed": 4
}