{
  "experiment": "2b",
  "seed": 8,
  "sweep_name": "condition_sweep_2b/qnoise_005",
  "disturbance_time_s": 3.0,
  "disturbance_joint": 1,
  "q_init_noise": 0.05,
  "disturbance_levels": {
    "qnoise_005": {
      "PD+CfC": {
        "peak_err_rad": 0.15997676150092138,
        "mae_post_mrad": 118.6507295733206,
        "recovery_time_s": 0.04999999999988569
      },
      "Full": {
        "peak_err_rad": 0.18634381442980047,
        "mae_post_mrad": 114.84935205325118,
        "recovery_time_s": 0.04199999999988657
      }
    }
  }
}