{
  "experiment": "2b",
  "seed": 0,
  "sweep_name": "condition_sweep_2b/timing_early",
  "disturbance_time_s": 2.0,
  "disturbance_joint": 1,
  "disturbance_levels": {
    "timing_early": {
      "PD+CfC": {
        "peak_err_rad": 0.3191949361854242,
        "mae_post_mrad": 65.55798247016347,
        "recovery_time_s": 0.4279999999999542
      },
      "Full": {
        "peak_err_rad": 0.24640618622959978,
        "mae_post_mrad": 85.53509633981187,
        "recovery_time_s": 0.03999999999999693
      }
    }
  }
}