{
  "experiment": "2c",
  "seed": 4,
  "sweep_name": "condition_sweep_2c/tau_025_taur060",
  "sim_duration_s": 9.0,
  "load_time_s": 3.0,
  "load_joint": 1,
  "load_torque_nm": -25.0,
  "endpoint_joint": 1,
  "cpg_amplitude": 0.3,
  "cpg_tau": 0.25,
  "cpg_tau_r": 0.6,
  "conditions": {
    "CPG+CfC": {
      "ep_err_pre_mrad": 181.2071468022195,
      "ep_err_post_mrad": 211.70215411925105,
      "mae_post_mrad": 108.5481552709992,
      "recovery_time_s": 0.19999999999986917
    },
    "CPG+CfC+LIF_FB": {
      "ep_err_pre_mrad": 180.99180597668573,
      "ep_err_post_mrad": 176.6953632331338,
      "mae_post_mrad": 110.46773546493924,
      "recovery_time_s": 0.18999999999987027
    }
  }
}