{
  "experiment": "e2",
  "seed": 9,
  "sweep_name": "sweep11",
  "results": {
    "D0": {
      "E2-PD": {
        "mae_mrad": 160.67579162967004,
        "peak_err_rad": 1.0187165628248107,
        "recovery_time_s": null,
        "mae_post_mrad": 750.7366989863433
      },
      "E2-reflex": {
        "mae_mrad": 142.36471265242085,
        "peak_err_rad": 0.869838224515127,
        "recovery_time_s": null,
        "mae_post_mrad": 606.5284325617192
      },
      "E2-cc": {
        "mae_mrad": 157.09662591190312,
        "peak_err_rad": 0.9953723605091911,
        "recovery_time_s": null,
        "mae_post_mrad": 738.8906447917024
      },
      "E2-cc+ref": {
        "mae_mrad": 138.70971353778864,
        "peak_err_rad": 0.847918950138139,
        "recovery_time_s": null,
        "mae_post_mrad": 596.1982256446524
      }
    },
    "D1": {
      "E2-PD": {
        "mae_mrad": 255.43781348232199,
        "peak_err_rad": 1.8398993539163115,
        "recovery_time_s": null,
        "mae_post_mrad": 1567.5936192042452
      },
      "E2-reflex": {
        "mae_mrad": 246.27614157736386,
        "peak_err_rad": 1.7814155313464095,
        "recovery_time_s": null,
        "mae_post_mrad": 1505.612822008854
      },
      "E2-cc": {
        "mae_mrad": 248.30197661817238,
        "peak_err_rad": 1.800159384187412,
        "recovery_time_s": null,
        "mae_post_mrad": 1539.1426520716354
      },
      "E2-cc+ref": {
        "mae_mrad": 239.08251843478115,
        "peak_err_rad": 1.7398974455062381,
        "recovery_time_s": null,
        "mae_post_mrad": 1476.4808776521884
      }
    },
    "D5": {
      "E2-PD": {
        "mae_mrad": 279.014235492378,
        "peak_err_rad": 2.0716818201558773,
        "recovery_time_s": null,
        "mae_post_mrad": 2059.84452481547
      },
      "E2-reflex": {
        "mae_mrad": 277.1670088690866,
        "peak_err_rad": 2.070687202644229,
        "recovery_time_s": null,
        "mae_post_mrad": 2059.9255001550036
      },
      "E2-cc": {
        "mae_mrad": 274.8406490256367,
        "peak_err_rad": 2.070037386935169,
        "recovery_time_s": null,
        "mae_post_mrad": 2060.2559463239586
      },
      "E2-cc+ref": {
        "mae_mrad": 273.0059351087664,
        "peak_err_rad": 2.0700411355776187,
        "recovery_time_s": null,
        "mae_post_mrad": 2060.3385649143875
      }
    }
  }
}