{
  "experiment": "2b",
  "seed": 9,
  "disturbance_levels": {
    "light_30Nm": {
      "PD+CfC": {
        "peak_err_rad": 0.49765169483536015,
        "mae_post_mrad": 122.79262221635028,
        "recovery_time_s": 0.021999999999888775
      },
      "Full": {
        "peak_err_rad": 0.42599481055240945,
        "mae_post_mrad": 116.61022554251177,
        "recovery_time_s": 0.021999999999888775
      }
    },
    "medium_60Nm": {
      "PD+CfC": {
        "peak_err_rad": 0.5746754159777672,
        "mae_post_mrad": 125.5148343498162,
        "recovery_time_s": 0.04199999999988657
      },
      "Full": {
        "peak_err_rad": 0.6971171825776447,
        "mae_post_mrad": 131.34202536037003,
        "recovery_time_s": 0.5959999999998256
      }
    },
    "heavy_87Nm": {
      "PD+CfC": {
        "peak_err_rad": 1.105535619862444,
        "mae_post_mrad": 151.80949025793927,
        "recovery_time_s": 0.8419999999997985
      },
      "Full": {
        "peak_err_rad": 1.2453003165019143,
        "mae_post_mrad": 145.60623189802547,
        "recovery_time_s": 0.8379999999997989
      }
    }
  }
}