{
  "experiment": "2b",
  "seed": 0,
  "sweep_name": "condition_sweep_2b/joint5_60Nm",
  "disturbance_time_s": 3.0,
  "disturbance_joint": 5,
  "q_init_noise": 0.0,
  "disturbance_levels": {
    "joint5_60Nm": {
      "PD+CfC": {
        "peak_err_rad": 0.3006059084749271,
        "mae_post_mrad": 79.28216192628209,
        "recovery_time_s": 0.04199999999988657
      },
      "Full": {
        "peak_err_rad": 0.26754399644749016,
        "mae_post_mrad": 81.81690523906272,
        "recovery_time_s": 0.04599999999988613
      }
    }
  }
}