{
  "block_maes_mrad": [
    185.83927583872003,
    210.5465681342429,
    210.53167767920283,
    210.55028187130804,
    210.52001711006645,
    210.50212087495663,
    210.50892647965944,
    210.54372528733674,
    210.55842426230257,
    210.50735962368873
  ],
  "final_MAE_post": 210.50735962368873,
  "initial_MAE": 185.83927583872003,
  "MAE_improvement": -0.1327388070874968,
  "io_fire_count": 30000,
  "io_fire_rate_hz": 500.0,
  "io_fire_interval_mean": 1.0,
  "condition": "f4_continuous",
  "io_mode": "continuous",
  "io_firing_rate_hz": 500.0,
  "online_lr": 0.0005,
  "seed": 3
}