{
  "experiment": "2c",
  "seed": 8,
  "sweep_name": "condition_sweep_2c/tau_020_taur050",
  "sim_duration_s": 9.0,
  "load_time_s": 3.0,
  "load_joint": 1,
  "load_torque_nm": -25.0,
  "endpoint_joint": 1,
  "cpg_amplitude": 0.3,
  "cpg_tau": 0.2,
  "cpg_tau_r": 0.5,
  "conditions": {
    "CPG+CfC": {
      "ep_err_pre_mrad": 268.7322596017196,
      "ep_err_post_mrad": 437.45358372826814,
      "mae_post_mrad": 170.2253296604947,
      "recovery_time_s": 2.183999999999651
    },
    "CPG+CfC+LIF_FB": {
      "ep_err_pre_mrad": 234.10559295134618,
      "ep_err_post_mrad": 358.73927601769145,
      "mae_post_mrad": 139.5499472377178,
      "recovery_time_s": 0.4759999999998388
    }
  }
}