{
  "experiment": "2b",
  "seed": 0,
  "sweep_name": "condition_sweep_2b/torque_45",
  "disturbance_time_s": 3.0,
  "disturbance_joint": 1,
  "disturbance_levels": {
    "torque_45": {
      "PD+CfC": {
        "peak_err_rad": 0.2612086396364105,
        "mae_post_mrad": 80.1256226720615,
        "recovery_time_s": 0.2859999999998597
      },
      "Full": {
        "peak_err_rad": 0.26798107868943083,
        "mae_post_mrad": 80.33905335573286,
        "recovery_time_s": 0.04199999999988657
      }
    }
  }
}