{
  "experiment": "2c",
  "seed": 2,
  "sweep_name": "condition_sweep_2c/amp025_load20",
  "sim_duration_s": 9.0,
  "load_time_s": 3.0,
  "load_joint": 1,
  "load_torque_nm": -20.0,
  "endpoint_joint": 1,
  "cpg_amplitude": 0.25,
  "conditions": {
    "CPG+CfC": {
      "ep_err_pre_mrad": 81.26168595320065,
      "ep_err_post_mrad": 167.57651950094453,
      "mae_post_mrad": 130.5574958280927,
      "recovery_time_s": 1.5979999999997156
    },
    "CPG+CfC+LIF_FB": {
      "ep_err_pre_mrad": 127.87573223885661,
      "ep_err_post_mrad": 179.4293353919602,
      "mae_post_mrad": 133.96868444899982,
      "recovery_time_s": 1.6199999999997132
    }
  }
}