{
  "experiment": "2c",
  "seed": 8,
  "sweep_name": "condition_sweep_2c/tau_020_taur060",
  "sim_duration_s": 9.0,
  "load_time_s": 3.0,
  "load_joint": 1,
  "load_torque_nm": -25.0,
  "endpoint_joint": 1,
  "cpg_amplitude": 0.3,
  "cpg_tau": 0.2,
  "cpg_tau_r": 0.6,
  "conditions": {
    "CPG+CfC": {
      "ep_err_pre_mrad": 323.46842777720747,
      "ep_err_post_mrad": 623.9699637738712,
      "mae_post_mrad": 188.03311473720044,
      "recovery_time_s": 2.765999999999587
    },
    "CPG+CfC+LIF_FB": {
      "ep_err_pre_mrad": 321.1785800321171,
      "ep_err_post_mrad": 613.7071826997027,
      "mae_post_mrad": 185.76600261918998,
      "recovery_time_s": 2.773999999999586
    }
  }
}