{
  "experiment": "2a",
  "seed": 7,
  "conditions": {
    "PD": {
      "static_mae_mrad": 158.41640843640147
    },
    "PD+CfC": {
      "static_mae_mrad": 130.16598456425368
    },
    "Full": {
      "static_mae_mrad": 119.70483661997713
    }
  }
}