{
  "experiment": "2c",
  "seed": 42,
  "sweep_name": "condition_sweep_2c/tau_020",
  "sim_duration_s": 9.0,
  "load_time_s": 3.0,
  "load_joint": 1,
  "load_torque_nm": -25.0,
  "endpoint_joint": 1,
  "cpg_amplitude": 0.3,
  "cpg_tau": 0.2,
  "conditions": {
    "CPG+CfC": {
      "ep_err_pre_mrad": 281.48639846876836,
      "ep_err_post_mrad": 346.61243196516364,
      "mae_post_mrad": 139.8291753003596,
      "recovery_time_s": 1.5779999999997179
    },
    "CPG+CfC+LIF_FB": {
      "ep_err_pre_mrad": 286.7348444113219,
      "ep_err_post_mrad": 320.87398059811045,
      "mae_post_mrad": 134.48526909923675,
      "recovery_time_s": 0.06599999999988393
    }
  }
}