{
  "experiment": "2c",
  "seed": 3,
  "sweep_name": "condition_sweep_2c/tau_035_taur050",
  "sim_duration_s": 9.0,
  "load_time_s": 3.0,
  "load_joint": 1,
  "load_torque_nm": -25.0,
  "endpoint_joint": 1,
  "cpg_amplitude": 0.3,
  "cpg_tau": 0.35,
  "cpg_tau_r": 0.5,
  "conditions": {
    "CPG+CfC": {
      "ep_err_pre_mrad": 42.16599581404103,
      "ep_err_post_mrad": 267.8506651200692,
      "mae_post_mrad": 108.616692244571,
      "recovery_time_s": 1.4699999999997297
    },
    "CPG+CfC+LIF_FB": {
      "ep_err_pre_mrad": 48.44888926590979,
      "ep_err_post_mrad": 288.06827567896056,
      "mae_post_mrad": 102.75280460529096,
      "recovery_time_s": 1.475999999999729
    }
  }
}