{
  "experiment": "2c",
  "seed": 6,
  "sweep_name": "condition_sweep_2c/tau_025",
  "sim_duration_s": 9.0,
  "load_time_s": 3.0,
  "load_joint": 1,
  "load_torque_nm": -25.0,
  "endpoint_joint": 1,
  "cpg_amplitude": 0.3,
  "cpg_tau": 0.25,
  "conditions": {
    "CPG+CfC": {
      "ep_err_pre_mrad": 133.58020289116942,
      "ep_err_post_mrad": 275.96348773505093,
      "mae_post_mrad": 171.66807848177362,
      "recovery_time_s": 0.8319999999997996
    },
    "CPG+CfC+LIF_FB": {
      "ep_err_pre_mrad": 143.52551213245525,
      "ep_err_post_mrad": 246.73523946297962,
      "mae_post_mrad": 164.71115840420967,
      "recovery_time_s": 0.8159999999998013
    }
  }
}