{
  "experiment": "e1",
  "seed": 4,
  "sweep_name": "default",
  "static": {
    "E1-A0": {
      "mae_mrad": 85.89235777816613,
      "pred_err_mean_mrad": null
    },
    "E1-MLP": {
      "mae_mrad": 146.23625123756415,
      "pred_err_mean_mrad": null
    },
    "E1-fwd": {
      "mae_mrad": 103.71288913099893,
      "pred_err_mean_mrad": 103.75754894501418
    },
    "E1-fwd-online": {
      "mae_mrad": 103.72488229153261,
      "pred_err_mean_mrad": 103.74389563239467
    }
  },
  "disturbance": {
    "E1-A0": {
      "peak_err_rad": 0.5611554942771342,
      "mae_post_mrad": 94.50259081451378,
      "recovery_time_s": 0.42799999999984406,
      "adapt_time_s": null
    },
    "E1-MLP": {
      "peak_err_rad": 0.49963037970164725,
      "mae_post_mrad": 174.31112015199545,
      "recovery_time_s": 0.34999999999985265,
      "adapt_time_s": null
    },
    "E1-fwd": {
      "peak_err_rad": 0.6123958797955191,
      "mae_post_mrad": 110.89492699146382,
      "recovery_time_s": null,
      "adapt_time_s": null
    },
    "E1-fwd-online": {
      "peak_err_rad": 0.6124308056531935,
      "mae_post_mrad": 110.91102269409386,
      "recovery_time_s": null,
      "adapt_time_s": null
    }
  },
  "training": {
    "n_epochs": 300,
    "n_traj": 500,
    "fwd_final_loss": 0.16751436364650726
  }
}