{
  "experiment": "2b",
  "seed": 3,
  "sweep_name": "condition_sweep_2b/joint3_60Nm",
  "disturbance_time_s": 3.0,
  "disturbance_joint": 3,
  "q_init_noise": 0.0,
  "disturbance_levels": {
    "joint3_60Nm": {
      "PD+CfC": {
        "peak_err_rad": 0.26596795410588325,
        "mae_post_mrad": 86.0037892997024,
        "recovery_time_s": 0.04199999999988657
      },
      "Full": {
        "peak_err_rad": 0.22947331896388512,
        "mae_post_mrad": 78.93604640316114,
        "recovery_time_s": 0.04199999999988657
      }
    }
  }
}