{
  "block_maes_mrad": [
    186.06734977825735,
    210.44547365057525,
    210.47138718216888,
    210.44916871214926,
    210.44872295332098,
    210.43885358762384,
    210.40793734710354,
    210.41381721275596,
    210.4429852586623,
    210.43557056614858
  ],
  "final_MAE_post": 210.43557056614858,
  "initial_MAE": 186.06734977825735,
  "MAE_improvement": -0.13096451804575435,
  "io_fire_count": 22773,
  "io_fire_rate_hz": 379.55,
  "io_fire_interval_mean": 1.3172,
  "condition": "f4_error_gated",
  "io_mode": "error_gated",
  "io_firing_rate_hz": 1.0,
  "online_lr": 0.0005,
  "seed": 2
}