{
  "block_maes_mrad": [
    186.87472525054238,
    210.69559469783465,
    210.49848557950637,
    210.5132286074428,
    210.47758435794148,
    210.49414880304923,
    210.4919988077522,
    210.4741337512082,
    210.50043967251304,
    210.48659312943727
  ],
  "final_MAE_post": 210.48659312943727,
  "initial_MAE": 186.87472525054238,
  "MAE_improvement": -0.1263513182272893,
  "io_fire_count": 22758,
  "io_fire_rate_hz": 379.3,
  "io_fire_interval_mean": 1.3182,
  "condition": "f4_error_gated",
  "io_mode": "error_gated",
  "io_firing_rate_hz": 1.0,
  "online_lr": 0.0005,
  "seed": 5
}