{
  "experiment": "2b",
  "seed": 1,
  "sweep_name": "condition_sweep_2b/timing_mid",
  "disturbance_time_s": 3.0,
  "disturbance_joint": 1,
  "disturbance_levels": {
    "timing_mid": {
      "PD+CfC": {
        "peak_err_rad": 0.6836129957999826,
        "mae_post_mrad": 126.32713764484674,
        "recovery_time_s": 0.42799999999984406
      },
      "Full": {
        "peak_err_rad": 0.670351020467882,
        "mae_post_mrad": 118.49031240492353,
        "recovery_time_s": 0.34199999999985353
      }
    }
  }
}