{
  "experiment": "2c",
  "seed": 9,
  "sweep_name": "condition_sweep_2c/tau_025_taur060",
  "sim_duration_s": 9.0,
  "load_time_s": 3.0,
  "load_joint": 1,
  "load_torque_nm": -25.0,
  "endpoint_joint": 1,
  "cpg_amplitude": 0.3,
  "cpg_tau": 0.25,
  "cpg_tau_r": 0.6,
  "conditions": {
    "CPG+CfC": {
      "ep_err_pre_mrad": 272.9240051651908,
      "ep_err_post_mrad": 272.7542500091798,
      "mae_post_mrad": 135.25712447486293,
      "recovery_time_s": 1.2439999999997546
    },
    "CPG+CfC+LIF_FB": {
      "ep_err_pre_mrad": 316.7856783723241,
      "ep_err_post_mrad": 215.04214700316282,
      "mae_post_mrad": 121.30138815484236,
      "recovery_time_s": 0.16199999999987336
    }
  }
}