{
  "experiment": "2b",
  "seed": 8,
  "sweep_name": "condition_sweep_2b/torque_75",
  "disturbance_time_s": 3.0,
  "disturbance_joint": 1,
  "disturbance_levels": {
    "torque_75": {
      "PD+CfC": {
        "peak_err_rad": 0.2358465215924636,
        "mae_post_mrad": 110.10692199965752,
        "recovery_time_s": 0.04199999999988657
      },
      "Full": {
        "peak_err_rad": 0.2577700799773351,
        "mae_post_mrad": 110.51699670988575,
        "recovery_time_s": 0.39799999999984736
      }
    }
  }
}