{
  "experiment": "e3",
  "seed": 2,
  "sweep_name": "sweep11",
  "ia_latency_ms": 20.0,
  "latency_ok": true,
  "results": {
    "D0": {
      "E3-PD": {
        "mae_mrad": 160.67676813699322,
        "peak_err_rad": 1.019021653001429,
        "recovery_time_s": null,
        "mae_post_mrad": 750.949098063628
      },
      "E3-cc": {
        "mae_mrad": 157.08839137329778,
        "peak_err_rad": 0.9956683950655019,
        "recovery_time_s": null,
        "mae_post_mrad": 739.0219177153544
      },
      "E3-ia_ib": {
        "mae_mrad": 159.26630959732083,
        "peak_err_rad": 0.9308997519062461,
        "recovery_time_s": null,
        "mae_post_mrad": 733.6791514327023
      },
      "E3-cc+ia_ib": {
        "mae_mrad": 156.01345554143552,
        "peak_err_rad": 0.9236247700579792,
        "recovery_time_s": null,
        "mae_post_mrad": 732.1623005843079
      }
    },
    "D1": {
      "E3-PD": {
        "mae_mrad": 255.5065819392809,
        "peak_err_rad": 1.850863336597637,
        "recovery_time_s": null,
        "mae_post_mrad": 1569.183946027744
      },
      "E3-cc": {
        "mae_mrad": 248.32458447776395,
        "peak_err_rad": 1.8106159307794942,
        "recovery_time_s": null,
        "mae_post_mrad": 1540.0352725019764
      },
      "E3-ia_ib": {
        "mae_mrad": 243.23594056892358,
        "peak_err_rad": 1.7646715513659441,
        "recovery_time_s": null,
        "mae_post_mrad": 1555.2057988736603
      },
      "E3-cc+ia_ib": {
        "mae_mrad": 232.00023729952798,
        "peak_err_rad": 1.748585848696659,
        "recovery_time_s": null,
        "mae_post_mrad": 1550.5628707753513
      }
    },
    "D5": {
      "E3-PD": {
        "mae_mrad": 279.0153964841161,
        "peak_err_rad": 2.0711878346247543,
        "recovery_time_s": null,
        "mae_post_mrad": 2059.686498910419
      },
      "E3-cc": {
        "mae_mrad": 274.8382851308992,
        "peak_err_rad": 2.0696968264092623,
        "recovery_time_s": null,
        "mae_post_mrad": 2060.1328459429014
      },
      "E3-ia_ib": {
        "mae_mrad": 262.39487502330394,
        "peak_err_rad": 2.090931591537388,
        "recovery_time_s": null,
        "mae_post_mrad": 2054.3467996192203
      },
      "E3-cc+ia_ib": {
        "mae_mrad": 261.4250525339682,
        "peak_err_rad": 2.0959436729878855,
        "recovery_time_s": null,
        "mae_post_mrad": 2055.5625683917133
      }
    }
  }
}