{
  "phase": "1-4",
  "env": "myoArmReachFixed-v0",
  "dt_note": "dt=0.020s (frame_skip=10 \u00d7 mj_dt=0.002s). Correct control interval.",
  "cfc_pretrained": true,
  "elapsed_s": 5.2,
  "condition_A_baseline": {
    "label": "Neural controller (no trajectory planning)",
    "elapsed_s": 2.6,
    "aggregate": {
      "n_valid": 20,
      "n_solved": 20,
      "solve_rate": 1.0,
      "tip_err_min_mm_mean": 5.431163869604378,
      "jerk_rms_mean": 414.21584114783184,
      "vel_peak_ratio_mean": 0.04729729729729729,
      "straightness_mean": 0.48492736851075097,
      "movement_time_mean": 2.96,
      "peak_speed_mean": 4.267702786810685
    }
  },
  "condition_B_trajplan": {
    "label": "Neural controller + MinimumJerk velocity scaling",
    "elapsed_s": 2.6,
    "aggregate": {
      "n_valid": 20,
      "n_solved": 20,
      "solve_rate": 1.0,
      "tip_err_min_mm_mean": 4.50924054760506,
      "jerk_rms_mean": 338.3272216273469,
      "vel_peak_ratio_mean": 0.16891891891891891,
      "straightness_mean": 0.4973926687493219,
      "movement_time_mean": 2.96,
      "peak_speed_mean": 2.572172101477259
    }
  },
  "human_reference": {
    "vel_peak_ratio": 0.5,
    "straightness": 0.85,
    "jerk_rms_note": "~5-20 m/s\u00b3 at dt=0.020s"
  },
  "per_seed_baseline": [
    {
      "seed": 0,
      "dist_m": 0.7756129302426983,
      "solved": true,
      "tip_err_final_mm": 81.10694368940733,
      "tip_err_min_mm": 5.4311638696043785,
      "jerk_rms": 414.2158411478317,
      "vel_peak_ratio": 0.0472972972972973,
      "straightness": 0.4849273685107508,
      "movement_time": 2.96,
      "peak_speed": 4.267702786810684,
      "onset_step": 0,
      "offset_step": 148,
      "n_steps": 150
    },
    {
      "seed": 1,
      "dist_m": 0.7756129302426983,
      "solved": true,
      "tip_err_final_mm": 81.10694368940733,
      "tip_err_min_mm": 5.4311638696043785,
      "jerk_rms": 414.2158411478317,
      "vel_peak_ratio": 0.0472972972972973,
      "straightness": 0.4849273685107508,
      "movement_time": 2.96,
      "peak_speed": 4.267702786810684,
      "onset_step": 0,
      "offset_step": 148,
      "n_steps": 150
    },
    {
      "seed": 2,
      "dist_m": 0.7756129302426983,
      "solved": true,
      "tip_err_final_mm": 81.10694368940733,
      "tip_err_min_mm": 5.4311638696043785,
      "jerk_rms": 414.2158411478317,
      "vel_peak_ratio": 0.0472972972972973,
      "straightness": 0.4849273685107508,
      "movement_time": 2.96,
      "peak_speed": 4.267702786810684,
      "onset_step": 0,
      "offset_step": 148,
      "n_steps": 150
    },
    {
      "seed": 3,
      "dist_m": 0.7756129302426983,
      "solved": true,
      "tip_err_final_mm": 81.10694368940733,
      "tip_err_min_mm": 5.4311638696043785,
      "jerk_rms": 414.2158411478317,
      "vel_peak_ratio": 0.0472972972972973,
      "straightness": 0.4849273685107508,
      "movement_time": 2.96,
      "peak_speed": 4.267702786810684,
      "onset_step": 0,
      "offset_step": 148,
      "n_steps": 150
    },
    {
      "seed": 4,
      "dist_m": 0.7756129302426983,
      "solved": true,
      "tip_err_final_mm": 81.10694368940733,
      "tip_err_min_mm": 5.4311638696043785,
      "jerk_rms": 414.2158411478317,
      "vel_peak_ratio": 0.0472972972972973,
      "straightness": 0.4849273685107508,
      "movement_time": 2.96,
      "peak_speed": 4.267702786810684,
      "onset_step": 0,
      "offset_step": 148,
      "n_steps": 150
    },
    {
      "seed": 5,
      "dist_m": 0.7756129302426983,
      "solved": true,
      "tip_err_final_mm": 81.10694368940733,
      "tip_err_min_mm": 5.4311638696043785,
      "jerk_rms": 414.2158411478317,
      "vel_peak_ratio": 0.0472972972972973,
      "straightness": 0.4849273685107508,
      "movement_time": 2.96,
      "peak_speed": 4.267702786810684,
      "onset_step": 0,
      "offset_step": 148,
      "n_steps": 150
    },
    {
      "seed": 6,
      "dist_m": 0.7756129302426983,
      "solved": true,
      "tip_err_final_mm": 81.10694368940733,
      "tip_err_min_mm": 5.4311638696043785,
      "jerk_rms": 414.2158411478317,
      "vel_peak_ratio": 0.0472972972972973,
      "straightness": 0.4849273685107508,
      "movement_time": 2.96,
      "peak_speed": 4.267702786810684,
      "onset_step": 0,
      "offset_step": 148,
      "n_steps": 150
    },
    {
      "seed": 7,
      "dist_m": 0.7756129302426983,
      "solved": true,
      "tip_err_final_mm": 81.10694368940733,
      "tip_err_min_mm": 5.4311638696043785,
      "jerk_rms": 414.2158411478317,
      "vel_peak_ratio": 0.0472972972972973,
      "straightness": 0.4849273685107508,
      "movement_time": 2.96,
      "peak_speed": 4.267702786810684,
      "onset_step": 0,
      "offset_step": 148,
      "n_steps": 150
    },
    {
      "seed": 8,
      "dist_m": 0.7756129302426983,
      "solved": true,
      "tip_err_final_mm": 81.10694368940733,
      "tip_err_min_mm": 5.4311638696043785,
      "jerk_rms": 414.2158411478317,
      "vel_peak_ratio": 0.0472972972972973,
      "straightness": 0.4849273685107508,
      "movement_time": 2.96,
      "peak_speed": 4.267702786810684,
      "onset_step": 0,
      "offset_step": 148,
      "n_steps": 150
    },
    {
      "seed": 9,
      "dist_m": 0.7756129302426983,
      "solved": true,
      "tip_err_final_mm": 81.10694368940733,
      "tip_err_min_mm": 5.4311638696043785,
      "jerk_rms": 414.2158411478317,
      "vel_peak_ratio": 0.0472972972972973,
      "straightness": 0.4849273685107508,
      "movement_time": 2.96,
      "peak_speed": 4.267702786810684,
      "onset_step": 0,
      "offset_step": 148,
      "n_steps": 150
    },
    {
      "seed": 10,
      "dist_m": 0.7756129302426983,
      "solved": true,
      "tip_err_final_mm": 81.10694368940733,
      "tip_err_min_mm": 5.4311638696043785,
      "jerk_rms": 414.2158411478317,
      "vel_peak_ratio": 0.0472972972972973,
      "straightness": 0.4849273685107508,
      "movement_time": 2.96,
      "peak_speed": 4.267702786810684,
      "onset_step": 0,
      "offset_step": 148,
      "n_steps": 150
    },
    {
      "seed": 11,
      "dist_m": 0.7756129302426983,
      "solved": true,
      "tip_err_final_mm": 81.10694368940733,
      "tip_err_min_mm": 5.4311638696043785,
      "jerk_rms": 414.2158411478317,
      "vel_peak_ratio": 0.0472972972972973,
      "straightness": 0.4849273685107508,
      "movement_time": 2.96,
      "peak_speed": 4.267702786810684,
      "onset_step": 0,
      "offset_step": 148,
      "n_steps": 150
    },
    {
      "seed": 12,
      "dist_m": 0.7756129302426983,
      "solved": true,
      "tip_err_final_mm": 81.10694368940733,
      "tip_err_min_mm": 5.4311638696043785,
      "jerk_rms": 414.2158411478317,
      "vel_peak_ratio": 0.0472972972972973,
      "straightness": 0.4849273685107508,
      "movement_time": 2.96,
      "peak_speed": 4.267702786810684,
      "onset_step": 0,
      "offset_step": 148,
      "n_steps": 150
    },
    {
      "seed": 13,
      "dist_m": 0.7756129302426983,
      "solved": true,
      "tip_err_final_mm": 81.10694368940733,
      "tip_err_min_mm": 5.4311638696043785,
      "jerk_rms": 414.2158411478317,
      "vel_peak_ratio": 0.0472972972972973,
      "straightness": 0.4849273685107508,
      "movement_time": 2.96,
      "peak_speed": 4.267702786810684,
      "onset_step": 0,
      "offset_step": 148,
      "n_steps": 150
    },
    {
      "seed": 14,
      "dist_m": 0.7756129302426983,
      "solved": true,
      "tip_err_final_mm": 81.10694368940733,
      "tip_err_min_mm": 5.4311638696043785,
      "jerk_rms": 414.2158411478317,
      "vel_peak_ratio": 0.0472972972972973,
      "straightness": 0.4849273685107508,
      "movement_time": 2.96,
      "peak_speed": 4.267702786810684,
      "onset_step": 0,
      "offset_step": 148,
      "n_steps": 150
    },
    {
      "seed": 15,
      "dist_m": 0.7756129302426983,
      "solved": true,
      "tip_err_final_mm": 81.10694368940733,