{
  "experiment": "2c",
  "seed": 0,
  "sweep_name": "condition_sweep_2c/amp030_load25",
  "sim_duration_s": 9.0,
  "load_time_s": 3.0,
  "load_joint": 1,
  "load_torque_nm": -25.0,
  "endpoint_joint": 1,
  "cpg_amplitude": 0.3,
  "conditions": {
    "CPG+CfC": {
      "ep_err_pre_mrad": 65.23998984509035,
      "ep_err_post_mrad": 441.5652865649885,
      "mae_post_mrad": 117.07207190962254,
      "recovery_time_s": 1.5979999999997156
    },
    "CPG+CfC+LIF_FB": {
      "ep_err_pre_mrad": 93.47040342773917,
      "ep_err_post_mrad": 371.6497736509029,
      "mae_post_mrad": 113.15886299602829,
      "recovery_time_s": 1.6059999999997148
    }
  }
}