{
  "experiment": "2a",
  "seed": 42,
  "conditions": {
    "PD": {
      "static_mae_mrad": 158.41640843640147
    },
    "PD+CfC": {
      "static_mae_mrad": 113.49845800839903
    },
    "Full": {
      "static_mae_mrad": 118.13485782068595
    }
  }
}