{
  "experiment": "2c",
  "seed": 0,
  "sweep_name": "condition_sweep_2c/tau_025_taur050",
  "sim_duration_s": 9.0,
  "load_time_s": 3.0,
  "load_joint": 1,
  "load_torque_nm": -25.0,
  "endpoint_joint": 1,
  "cpg_amplitude": 0.3,
  "cpg_tau": 0.25,
  "cpg_tau_r": 0.5,
  "conditions": {
    "CPG+CfC": {
      "ep_err_pre_mrad": 149.84108851501753,
      "ep_err_post_mrad": 250.90186616585768,
      "mae_post_mrad": 109.87464995665778,
      "recovery_time_s": 0.8319999999997996
    },
    "CPG+CfC+LIF_FB": {
      "ep_err_pre_mrad": 156.38461867688906,
      "ep_err_post_mrad": 411.76973128553243,
      "mae_post_mrad": 120.2514954469185,
      "recovery_time_s": 0.8319999999997996
    }
  }
}