{
  "experiment": "2c",
  "seed": 9,
  "sweep_name": "condition_sweep_2c/tau_020_taur050",
  "sim_duration_s": 9.0,
  "load_time_s": 3.0,
  "load_joint": 1,
  "load_torque_nm": -25.0,
  "endpoint_joint": 1,
  "cpg_amplitude": 0.3,
  "cpg_tau": 0.2,
  "cpg_tau_r": 0.5,
  "conditions": {
    "CPG+CfC": {
      "ep_err_pre_mrad": 154.56760064106857,
      "ep_err_post_mrad": 274.07519011431083,
      "mae_post_mrad": 127.27962153352814,
      "recovery_time_s": 0.4759999999998388
    },
    "CPG+CfC+LIF_FB": {
      "ep_err_pre_mrad": 133.87916767545926,
      "ep_err_post_mrad": 324.21249939295484,
      "mae_post_mrad": 131.4896628189514,
      "recovery_time_s": 3.9439999999994573
    }
  }
}