{
  "experiment": "e2",
  "seed": 3,
  "sweep_name": "sweep11",
  "results": {
    "D0": {
      "E2-PD": {
        "mae_mrad": 160.64970557722626,
        "peak_err_rad": 1.0183723463765277,
        "recovery_time_s": null,
        "mae_post_mrad": 750.491891110246
      },
      "E2-reflex": {
        "mae_mrad": 142.40845719696634,
        "peak_err_rad": 0.8683034992433214,
        "recovery_time_s": null,
        "mae_post_mrad": 606.0316451458264
      },
      "E2-cc": {
        "mae_mrad": 157.06877921377432,
        "peak_err_rad": 0.9952505939026488,
        "recovery_time_s": null,
        "mae_post_mrad": 738.7498475855934
      },
      "E2-cc+ref": {
        "mae_mrad": 138.75424288942753,
        "peak_err_rad": 0.8463527923445935,
        "recovery_time_s": null,
        "mae_post_mrad": 595.94614903387
      }
    },
    "D1": {
      "E2-PD": {
        "mae_mrad": 255.49277618360057,
        "peak_err_rad": 1.8474653179618685,
        "recovery_time_s": null,
        "mae_post_mrad": 1568.657298728929
      },
      "E2-reflex": {
        "mae_mrad": 246.34546839161865,
        "peak_err_rad": 1.7889863902936605,
        "recovery_time_s": null,
        "mae_post_mrad": 1506.660983116315
      },
      "E2-cc": {
        "mae_mrad": 248.32272461819727,
        "peak_err_rad": 1.80620340103112,
        "recovery_time_s": null,
        "mae_post_mrad": 1539.6696328911673
      },
      "E2-cc+ref": {
        "mae_mrad": 239.07761683869776,
        "peak_err_rad": 1.747050100064888,
        "recovery_time_s": null,
        "mae_post_mrad": 1477.043529796362
      }
    },
    "D5": {
      "E2-PD": {
        "mae_mrad": 278.9994964550698,
        "peak_err_rad": 2.0694075936725564,
        "recovery_time_s": null,
        "mae_post_mrad": 2059.6555521204805
      },
      "E2-reflex": {
        "mae_mrad": 277.2192708677524,
        "peak_err_rad": 2.0694605977696665,
        "recovery_time_s": null,
        "mae_post_mrad": 2059.8053913446947
      },
      "E2-cc": {
        "mae_mrad": 274.8304520198561,
        "peak_err_rad": 2.0695550912413405,
        "recovery_time_s": null,
        "mae_post_mrad": 2060.0988409873353
      },
      "E2-cc+ref": {
        "mae_mrad": 273.03224647663586,
        "peak_err_rad": 2.06956758817479,
        "recovery_time_s": null,
        "mae_post_mrad": 2060.2306112262827
      }
    }
  }
}