{
  "block_maes_mrad": [
    186.21420293946505,
    210.54008047708538,
    210.51275492175924,
    210.5591149008496,
    210.53752684969402,
    210.5267328238392,
    210.53324156590446,
    210.52449670328937,
    210.51390041775414,
    210.51590511940265
  ],
  "final_MAE_post": 210.51590511940265,
  "initial_MAE": 186.21420293946505,
  "MAE_improvement": -0.1305040206181649,
  "io_fire_count": 307,
  "io_fire_rate_hz": 5.1167,
  "io_fire_interval_mean": 97.6307,
  "condition": "f4_10hz",
  "io_mode": "sparse",
  "io_firing_rate_hz": 10.0,
  "online_lr": 0.0005,
  "seed": 0
}