{
  "block_maes_mrad": [
    185.97636760376943,
    210.52263808422475,
    210.523107470194,
    210.52369817359195,
    210.52938789845902,
    210.4978236540546,
    210.4887148673703,
    210.50644482378075,
    210.48953127687145,
    210.4845560641985
  ],
  "final_MAE_post": 210.4845560641985,
  "initial_MAE": 185.97636760376943,
  "MAE_improvement": -0.13178119766546376,
  "io_fire_count": 273,
  "io_fire_rate_hz": 4.55,
  "io_fire_interval_mean": 109.8824,
  "condition": "f4_10hz",
  "io_mode": "sparse",
  "io_firing_rate_hz": 10.0,
  "online_lr": 0.0005,
  "seed": 9
}