{
  "experiment": "2c",
  "seed": 4,
  "sweep_name": "condition_sweep_2c/amp030_load25",
  "sim_duration_s": 9.0,
  "load_time_s": 3.0,
  "load_joint": 1,
  "load_torque_nm": -25.0,
  "endpoint_joint": 1,
  "cpg_amplitude": 0.3,
  "conditions": {
    "CPG+CfC": {
      "ep_err_pre_mrad": 154.6722446524362,
      "ep_err_post_mrad": 214.29775094327138,
      "mae_post_mrad": 108.92911814565194,
      "recovery_time_s": 1.5979999999997156
    },
    "CPG+CfC+LIF_FB": {
      "ep_err_pre_mrad": 245.99013684510086,
      "ep_err_post_mrad": 223.55198901320762,
      "mae_post_mrad": 106.08430308083128,
      "recovery_time_s": 0.4639999999998401
    }
  }
}