{
  "experiment": "2c",
  "seed": 4,
  "sweep_name": "condition_sweep_2c/amp025_load20",
  "sim_duration_s": 9.0,
  "load_time_s": 3.0,
  "load_joint": 1,
  "load_torque_nm": -20.0,
  "endpoint_joint": 1,
  "cpg_amplitude": 0.25,
  "conditions": {
    "CPG+CfC": {
      "ep_err_pre_mrad": 121.62540219214078,
      "ep_err_post_mrad": 192.50307850339655,
      "mae_post_mrad": 113.58020782820245,
      "recovery_time_s": 1.5979999999997156
    },
    "CPG+CfC+LIF_FB": {
      "ep_err_pre_mrad": 112.52379632518985,
      "ep_err_post_mrad": 118.3722860497137,
      "mae_post_mrad": 105.86220010900144,
      "recovery_time_s": 1.6159999999997137
    }
  }
}