{
  "experiment": "2b",
  "seed": 2,
  "sweep_name": "condition_sweep_2b/qnoise_010",
  "disturbance_time_s": 3.0,
  "disturbance_joint": 1,
  "q_init_noise": 0.1,
  "disturbance_levels": {
    "qnoise_010": {
      "PD+CfC": {
        "peak_err_rad": 0.5380157251885084,
        "mae_post_mrad": 124.09611271693481,
        "recovery_time_s": 0.5619999999998293
      },
      "Full": {
        "peak_err_rad": 0.4435774898220315,
        "mae_post_mrad": 112.69641129323777,
        "recovery_time_s": 0.5299999999998328
      }
    }
  }
}