{
  "experiment": "e4",
  "seed": 0,
  "sweep_name": "sweep11",
  "hold_results": {
    "D0": {
      "E4-PD": {
        "mae_mrad": 160.67897207302985,
        "peak_err_rad": 1.0191843446568776,
        "recovery_time_s": null,
        "mae_post_mrad": 750.8615080433975
      },
      "E4-E3": {
        "mae_mrad": 155.96364465697255,
        "peak_err_rad": 0.92581482381845,
        "recovery_time_s": null,
        "mae_post_mrad": 732.497275163698
      },
      "E4-MCA": {
        "mae_mrad": 156.08826113352532,
        "peak_err_rad": 0.984278668263239,
        "recovery_time_s": null,
        "mae_post_mrad": 726.5830901179891
      },
      "E4-full": {
        "mae_mrad": 161.64853040735815,
        "peak_err_rad": 0.9131270663690503,
        "recovery_time_s": null,
        "mae_post_mrad": 665.8477094384093
      }
    },
    "D1": {
      "E4-PD": {
        "mae_mrad": 255.48367789670667,
        "peak_err_rad": 1.848028705898334,
        "recovery_time_s": null,
        "mae_post_mrad": 1568.6281830728435
      },
      "E4-E3": {
        "mae_mrad": 231.81278886326513,
        "peak_err_rad": 1.7439981050596067,
        "recovery_time_s": null,
        "mae_post_mrad": 1550.260670763917
      },
      "E4-MCA": {
        "mae_mrad": 246.5917227276617,
        "peak_err_rad": 1.7843089362980629,
        "recovery_time_s": null,
        "mae_post_mrad": 1516.948729433786
      },
      "E4-full": {
        "mae_mrad": 227.88683526145675,
        "peak_err_rad": 1.6913695008256715,
        "recovery_time_s": null,
        "mae_post_mrad": 1460.8715529778117
      }
    },
    "D5": {
      "E4-PD": {
        "mae_mrad": 279.0280014415932,
        "peak_err_rad": 2.0714451612680627,
        "recovery_time_s": null,
        "mae_post_mrad": 2059.939140741048
      },
      "E4-E3": {
        "mae_mrad": 258.01064606910336,
        "peak_err_rad": 2.09113519030504,
        "recovery_time_s": null,
        "mae_post_mrad": 2054.2546850860736
      },
      "E4-MCA": {
        "mae_mrad": 275.7583030446636,
        "peak_err_rad": 2.070553000513126,
        "recovery_time_s": null,
        "mae_post_mrad": 2059.9359961578007
      },
      "E4-full": {
        "mae_mrad": 262.4429614583175,
        "peak_err_rad": 2.091770670188708,
        "recovery_time_s": null,
        "mae_post_mrad": 2060.0550199029367
      }
    }
  },
  "switch_results": {
    "E4-PD-switch": {
      "hold_mae_mrad": 158.65179136711228,
      "oscillate_mae_mrad": 166.98357485838756,
      "transition_jerk": 17378172356052.193,
      "jerk_3s": 8623901633655.197,
      "jerk_6s": 8754270722396.996
    },
    "E4-MCA-switch": {
      "hold_mae_mrad": 155.51650035736063,
      "oscillate_mae_mrad": 168.76415934806667,
      "transition_jerk": 17378117896718.115,
      "jerk_3s": 8624060448490.657,
      "jerk_6s": 8754057448227.458
    }
  }
}