{
  "experiment": "2b",
  "seed": 0,
  "sweep_name": "condition_sweep_2b/timing_late",
  "disturbance_time_s": 4.0,
  "disturbance_joint": 1,
  "disturbance_levels": {
    "timing_late": {
      "PD+CfC": {
        "peak_err_rad": 0.2936261276211307,
        "mae_post_mrad": 68.86150550752414,
        "recovery_time_s": 0.685999999999706
      },
      "Full": {
        "peak_err_rad": 0.23793393078578176,
        "mae_post_mrad": 88.605428729539,
        "recovery_time_s": 1.19399999999965
      }
    }
  }
}