{
  "experiment": "2b",
  "seed": 4,
  "sweep_name": "condition_sweep_2b/torque_75",
  "disturbance_time_s": 3.0,
  "disturbance_joint": 1,
  "disturbance_levels": {
    "torque_75": {
      "PD+CfC": {
        "peak_err_rad": 0.5637894317623255,
        "mae_post_mrad": 96.05825085298696,
        "recovery_time_s": 0.42999999999984384
      },
      "Full": {
        "peak_err_rad": 0.37296357647332967,
        "mae_post_mrad": 83.14185551971107,
        "recovery_time_s": 0.29999999999985816
      }
    }
  }
}