{
  "experiment": "e2",
  "seed": 42,
  "sweep_name": "sweep11",
  "results": {
    "D0": {
      "E2-PD": {
        "mae_mrad": 160.6737699503434,
        "peak_err_rad": 1.0204514633757245,
        "recovery_time_s": null,
        "mae_post_mrad": 751.0787487966296
      },
      "E2-reflex": {
        "mae_mrad": 142.31516208403852,
        "peak_err_rad": 0.8697809376379539,
        "recovery_time_s": null,
        "mae_post_mrad": 606.8717134821942
      },
      "E2-cc": {
        "mae_mrad": 157.0909551391668,
        "peak_err_rad": 0.9974752173409092,
        "recovery_time_s": null,
        "mae_post_mrad": 739.1945939519408
      },
      "E2-cc+ref": {
        "mae_mrad": 138.7534531375101,
        "peak_err_rad": 0.8480340454784756,
        "recovery_time_s": null,
        "mae_post_mrad": 596.491997065993
      }
    },
    "D1": {
      "E2-PD": {
        "mae_mrad": 255.46233873494845,
        "peak_err_rad": 1.8424550976571055,
        "recovery_time_s": null,
        "mae_post_mrad": 1567.7491316156388
      },
      "E2-reflex": {
        "mae_mrad": 246.2955080451043,
        "peak_err_rad": 1.7842142661026354,
        "recovery_time_s": null,
        "mae_post_mrad": 1505.8472888179053
      },
      "E2-cc": {
        "mae_mrad": 248.32520416178227,
        "peak_err_rad": 1.8009337871579865,
        "recovery_time_s": null,
        "mae_post_mrad": 1539.2132808969104
      },
      "E2-cc+ref": {
        "mae_mrad": 239.08876239229923,
        "peak_err_rad": 1.7422560909361948,
        "recovery_time_s": null,
        "mae_post_mrad": 1476.4371988085204
      }
    },
    "D5": {
      "E2-PD": {
        "mae_mrad": 279.0168211795406,
        "peak_err_rad": 2.0711266159378248,
        "recovery_time_s": null,
        "mae_post_mrad": 2060.044266982657
      },
      "E2-reflex": {
        "mae_mrad": 277.1988017918118,
        "peak_err_rad": 2.0703601145570207,
        "recovery_time_s": null,
        "mae_post_mrad": 2060.132592865573
      },
      "E2-cc": {
        "mae_mrad": 274.83494438071506,
        "peak_err_rad": 2.0695620894439273,
        "recovery_time_s": null,
        "mae_post_mrad": 2060.394441423671
      },
      "E2-cc+ref": {
        "mae_mrad": 273.035406990782,
        "peak_err_rad": 2.069157712655874,
        "recovery_time_s": null,
        "mae_post_mrad": 2060.495401672144
      }
    }
  }
}