{
  "experiment": "2b",
  "seed": 42,
  "sweep_name": "condition_sweep_2b/timing_early",
  "disturbance_time_s": 2.0,
  "disturbance_joint": 1,
  "disturbance_levels": {
    "timing_early": {
      "PD+CfC": {
        "peak_err_rad": 0.2260143725306923,
        "mae_post_mrad": 115.94873619921097,
        "recovery_time_s": 0.04199999999999671
      },
      "Full": {
        "peak_err_rad": 0.21039217979201447,
        "mae_post_mrad": 112.28784093240736,
        "recovery_time_s": 0.051999999999995605
      }
    }
  }
}