{
  "experiment": "2c",
  "seed": 3,
  "sweep_name": "condition_sweep_2c/tau_035_taur060",
  "sim_duration_s": 9.0,
  "load_time_s": 3.0,
  "load_joint": 1,
  "load_torque_nm": -25.0,
  "endpoint_joint": 1,
  "cpg_amplitude": 0.3,
  "cpg_tau": 0.35,
  "cpg_tau_r": 0.6,
  "conditions": {
    "CPG+CfC": {
      "ep_err_pre_mrad": 84.79673105760217,
      "ep_err_post_mrad": 303.7906230368725,
      "mae_post_mrad": 109.72387554114084,
      "recovery_time_s": 1.9359999999996784
    },
    "CPG+CfC+LIF_FB": {
      "ep_err_pre_mrad": 52.56723382212857,
      "ep_err_post_mrad": 276.98318919045914,
      "mae_post_mrad": 101.62753460289132,
      "recovery_time_s": 4.37599999999941
    }
  }
}