{
  "experiment": "2c",
  "seed": 7,
  "sweep_name": "condition_sweep_2c/tau_020_taur060",
  "sim_duration_s": 9.0,
  "load_time_s": 3.0,
  "load_joint": 1,
  "load_torque_nm": -25.0,
  "endpoint_joint": 1,
  "cpg_amplitude": 0.3,
  "cpg_tau": 0.2,
  "cpg_tau_r": 0.6,
  "conditions": {
    "CPG+CfC": {
      "ep_err_pre_mrad": 218.35980087257752,
      "ep_err_post_mrad": 372.606354464579,
      "mae_post_mrad": 142.85797423597455,
      "recovery_time_s": 0.8779999999997945
    },
    "CPG+CfC+LIF_FB": {
      "ep_err_pre_mrad": 232.3393119827169,
      "ep_err_post_mrad": 362.05157619826304,
      "mae_post_mrad": 141.77925683064527,
      "recovery_time_s": 0.8799999999997943
    }
  }
}