{
  "experiment": "2b",
  "seed": 9,
  "sweep_name": "condition_sweep_2b/timing_early",
  "disturbance_time_s": 2.0,
  "disturbance_joint": 1,
  "disturbance_levels": {
    "timing_early": {
      "PD+CfC": {
        "peak_err_rad": 0.8815528702962465,
        "mae_post_mrad": 130.8025973946666,
        "recovery_time_s": 0.683999999999926
      },
      "Full": {
        "peak_err_rad": 0.8953873184199863,
        "mae_post_mrad": 126.21883895738017,
        "recovery_time_s": 0.6439999999999304
      }
    }
  }
}