{
  "experiment": "2b",
  "seed": 0,
  "sweep_name": "condition_sweep_2b/timing_mid",
  "disturbance_time_s": 3.0,
  "disturbance_joint": 1,
  "disturbance_levels": {
    "timing_mid": {
      "PD+CfC": {
        "peak_err_rad": 0.24810717963094586,
        "mae_post_mrad": 74.84019656697407,
        "recovery_time_s": 0.27999999999986036
      },
      "Full": {
        "peak_err_rad": 0.2730531222049213,
        "mae_post_mrad": 78.33106852361186,
        "recovery_time_s": 0.04199999999988657
      }
    }
  }
}