{
  "experiment": "2b",
  "seed": 8,
  "sweep_name": "condition_sweep_2b/torque_45",
  "disturbance_time_s": 3.0,
  "disturbance_joint": 1,
  "disturbance_levels": {
    "torque_45": {
      "PD+CfC": {
        "peak_err_rad": 0.20857053284419302,
        "mae_post_mrad": 111.46467787421594,
        "recovery_time_s": 0.04199999999988657
      },
      "Full": {
        "peak_err_rad": 0.25158351912332794,
        "mae_post_mrad": 116.55964607551454,
        "recovery_time_s": 0.37799999999984957
      }
    }
  }
}