{
  "experiment": "2c",
  "seed": 1,
  "sweep_name": "condition_sweep_2c/amp025_load20",
  "sim_duration_s": 9.0,
  "load_time_s": 3.0,
  "load_joint": 1,
  "load_torque_nm": -20.0,
  "endpoint_joint": 1,
  "cpg_amplitude": 0.25,
  "conditions": {
    "CPG+CfC": {
      "ep_err_pre_mrad": 254.13070933686143,
      "ep_err_post_mrad": 413.54651391832675,
      "mae_post_mrad": 127.9160121954881,
      "recovery_time_s": 0.4639999999998401
    },
    "CPG+CfC+LIF_FB": {
      "ep_err_pre_mrad": 244.40562076381454,
      "ep_err_post_mrad": 390.6132280355149,
      "mae_post_mrad": 122.9902265147774,
      "recovery_time_s": 0.44999999999984164
    }
  }
}