{
  "experiment": "2b",
  "seed": 8,
  "sweep_name": "condition_sweep_2b/timing_mid",
  "disturbance_time_s": 3.0,
  "disturbance_joint": 1,
  "disturbance_levels": {
    "timing_mid": {
      "PD+CfC": {
        "peak_err_rad": 0.22474539226983586,
        "mae_post_mrad": 108.5962499842969,
        "recovery_time_s": 0.04199999999988657
      },
      "Full": {
        "peak_err_rad": 0.2558310655649431,
        "mae_post_mrad": 109.14207301176233,
        "recovery_time_s": 0.391999999999848
      }
    }
  }
}