{
  "experiment": "2b",
  "seed": 7,
  "sweep_name": "condition_sweep_2b/joint5_60Nm",
  "disturbance_time_s": 3.0,
  "disturbance_joint": 5,
  "q_init_noise": 0.0,
  "disturbance_levels": {
    "joint5_60Nm": {
      "PD+CfC": {
        "peak_err_rad": 0.2006039799941095,
        "mae_post_mrad": 142.47763578062577,
        "recovery_time_s": 0.5399999999998317
      },
      "Full": {
        "peak_err_rad": 0.24234037053949287,
        "mae_post_mrad": 126.70589542859703,
        "recovery_time_s": 0.38999999999984825
      }
    }
  }
}