{
  "experiment": "2c",
  "seed": 1,
  "sweep_name": "condition_sweep_2c/tau_035_taur060",
  "sim_duration_s": 9.0,
  "load_time_s": 3.0,
  "load_joint": 1,
  "load_torque_nm": -25.0,
  "endpoint_joint": 1,
  "cpg_amplitude": 0.3,
  "cpg_tau": 0.35,
  "cpg_tau_r": 0.6,
  "conditions": {
    "CPG+CfC": {
      "ep_err_pre_mrad": 188.52962690345873,
      "ep_err_post_mrad": 442.9557103236479,
      "mae_post_mrad": 141.62404834829232,
      "recovery_time_s": 3.1519999999995445
    },
    "CPG+CfC+LIF_FB": {
      "ep_err_pre_mrad": 252.72016662361773,
      "ep_err_post_mrad": 591.3496644101247,
      "mae_post_mrad": 152.98141390411516,
      "recovery_time_s": 3.199999999999539
    }
  }
}