{
  "experiment": "2c",
  "seed": 2,
  "sweep_name": "condition_sweep_2c/tau_025_taur060",
  "sim_duration_s": 9.0,
  "load_time_s": 3.0,
  "load_joint": 1,
  "load_torque_nm": -25.0,
  "endpoint_joint": 1,
  "cpg_amplitude": 0.3,
  "cpg_tau": 0.25,
  "cpg_tau_r": 0.6,
  "conditions": {
    "CPG+CfC": {
      "ep_err_pre_mrad": 192.47447133572572,
      "ep_err_post_mrad": 199.278526768901,
      "mae_post_mrad": 121.46984370575338,
      "recovery_time_s": 0.19999999999986917
    },
    "CPG+CfC+LIF_FB": {
      "ep_err_pre_mrad": 202.87773538405176,
      "ep_err_post_mrad": 181.2220233414852,
      "mae_post_mrad": 121.19220473384252,
      "recovery_time_s": 0.2079999999998683
    }
  }
}