{
  "experiment": "2b",
  "seed": 42,
  "sweep_name": "condition_sweep_2b/timing_late",
  "disturbance_time_s": 4.0,
  "disturbance_joint": 1,
  "disturbance_levels": {
    "timing_late": {
      "PD+CfC": {
        "peak_err_rad": 0.2089861850119486,
        "mae_post_mrad": 118.98331279617811,
        "recovery_time_s": 0.05599999999977534
      },
      "Full": {
        "peak_err_rad": 0.20715374895039634,
        "mae_post_mrad": 121.12949126149634,
        "recovery_time_s": 0.04199999999977688
      }
    }
  }
}