{
  "experiment": "2c",
  "seed": 7,
  "sweep_name": "condition_sweep_2c/tau_025_taur060",
  "sim_duration_s": 9.0,
  "load_time_s": 3.0,
  "load_joint": 1,
  "load_torque_nm": -25.0,
  "endpoint_joint": 1,
  "cpg_amplitude": 0.3,
  "cpg_tau": 0.25,
  "cpg_tau_r": 0.6,
  "conditions": {
    "CPG+CfC": {
      "ep_err_pre_mrad": 134.43480959959447,
      "ep_err_post_mrad": 322.0867688624894,
      "mae_post_mrad": 134.27450381016197,
      "recovery_time_s": 1.2439999999997546
    },
    "CPG+CfC+LIF_FB": {
      "ep_err_pre_mrad": 138.37242999631613,
      "ep_err_post_mrad": 315.9576015031161,
      "mae_post_mrad": 132.74066563868203,
      "recovery_time_s": null
    }
  }
}