{
  "experiment": "e5",
  "seed": 1,
  "sweep_name": "sweep11",
  "results": {
    "D0": {
      "E5-PD": {
        "mae_mrad": 160.62072551188126,
        "mae_post_mrad": 749.7661442054283,
        "peak_err_rad": 1.0117950279432397,
        "recovery_time_s": null,
        "energy_J": 9329.882867149037,
        "energy_post_J": 5081.012270327325,
        "jerk": 53619500817381.484,
        "jerk_post": 24849356025568.434,
        "cc_ratio": 0.0
      },
      "E5-E3": {
        "mae_mrad": 156.15007517439844,
        "mae_post_mrad": 731.3282475438492,
        "peak_err_rad": 0.9168773402746471,
        "recovery_time_s": null,
        "energy_J": 9372.533253538742,
        "energy_post_J": 5477.836204880038,
        "jerk": 53629685069387.68,
        "jerk_post": 24850771634963.074,
        "cc_ratio": 0.36244780190663695
      },
      "E5-MCA": {
        "mae_mrad": 156.0361358502636,
        "mae_post_mrad": 725.5786797329113,
        "peak_err_rad": 0.9752720103774111,
        "recovery_time_s": null,
        "energy_J": 9231.590125181601,
        "energy_post_J": 5047.333448907929,
        "jerk": 53621861403327.08,
        "jerk_post": 24849836171253.355,
        "cc_ratio": 0.33668307991645285
      },
      "E5-full": {
        "mae_mrad": 161.4690654727588,
        "mae_post_mrad": 663.8824563909556,
        "peak_err_rad": 0.9043885133592366,
        "recovery_time_s": null,
        "energy_J": 8693.15681040615,
        "energy_post_J": 4972.4724856708235,
        "jerk": 53660607019981.19,
        "jerk_post": 24855568665675.96,
        "cc_ratio": 0.4538500494119794
      }
    },
    "D1": {
      "E5-PD": {
        "mae_mrad": 255.4583499734526,
        "mae_post_mrad": 1567.6301591157899,
        "peak_err_rad": 1.8418295975947425,
        "recovery_time_s": null,
        "energy_J": 8698.550323639669,
        "energy_post_J": 4706.987571619269,
        "jerk": 54739215783458.75,
        "jerk_post": 26133874376448.645,
        "cc_ratio": 0.0
      },
      "E5-E3": {
        "mae_mrad": 231.9697048305326,
        "mae_post_mrad": 1549.067374649519,
        "peak_err_rad": 1.7425217746533377,
        "recovery_time_s": null,
        "energy_J": 8983.104617568231,
        "energy_post_J": 5290.787376427856,
        "jerk": 55113565917250.64,
        "jerk_post": 26198844418239.098,
        "cc_ratio": 0.4078138823285221
      },
      "E5-MCA": {
        "mae_mrad": 246.5832649907713,
        "mae_post_mrad": 1516.0366039607916,
        "peak_err_rad": 1.780907344030155,
        "recovery_time_s": null,
        "energy_J": 8937.715999961765,
        "energy_post_J": 4868.771440095706,
        "jerk": 54739668949065.84,
        "jerk_post": 26134282483453.055,
        "cc_ratio": 0.38834770932188567
      },
      "E5-full": {
        "mae_mrad": 227.86978867399893,
        "mae_post_mrad": 1457.839913067247,
        "peak_err_rad": 1.6828191809648512,
        "recovery_time_s": null,
        "energy_J": 9106.531289739076,
        "energy_post_J": 5548.041317575848,
        "jerk": 55084227100343.51,
        "jerk_post": 26193177112346.773,
        "cc_ratio": 0.5098631624621421
      }
    },
    "D5": {
      "E5-PD": {
        "mae_mrad": 279.0169247966025,
        "mae_post_mrad": 2059.768700502393,
        "peak_err_rad": 2.072245851173782,
        "recovery_time_s": null,
        "energy_J": 39369.0195167186,
        "energy_post_J": 22414.72377412372,
        "jerk": 50838662282620.47,
        "jerk_post": 25819399453041.96,
        "cc_ratio": 0.0
      },
      "E5-E3": {
        "mae_mrad": 257.66719899721153,
        "mae_post_mrad": 2054.8721700638025,
        "peak_err_rad": 2.088810165859053,
        "recovery_time_s": null,
        "energy_J": 37554.251250798014,
        "energy_post_J": 22762.58817351505,
        "jerk": 56778576417696.1,
        "jerk_post": 26707453169124.312,
        "cc_ratio": 0.307311163845673
      },
      "E5-MCA": {
        "mae_mrad": 275.74373275105927,
        "mae_post_mrad": 2059.7691111324225,
        "peak_err_rad": 2.071376017084551,
        "recovery_time_s": null,
        "energy_J": 39262.52624596189,
        "energy_post_J": 22414.717805428132,
        "jerk": 50815614749341.95,
        "jerk_post": 25816942668043.887,
        "cc_ratio": 0.24933301891761367
      },
      "E5-full": {
        "mae_mrad": 262.4854370755291,
        "mae_post_mrad": 2060.780654797206,
        "peak_err_rad": 2.092504179820069,
        "recovery_time_s": null,
        "energy_J": 37258.30455727643,
        "energy_post_J": 22877.59612532807,
        "jerk": 54562991755673.03,
        "jerk_post": 26353570791336.6,
        "cc_ratio": 0.38722596147182736
      }
    }
  }
}