{
  "experiment": "2c",
  "seed": 6,
  "sweep_name": "condition_sweep_2c/tau_020_taur050",
  "sim_duration_s": 9.0,
  "load_time_s": 3.0,
  "load_joint": 1,
  "load_torque_nm": -25.0,
  "endpoint_joint": 1,
  "cpg_amplitude": 0.3,
  "cpg_tau": 0.2,
  "cpg_tau_r": 0.5,
  "conditions": {
    "CPG+CfC": {
      "ep_err_pre_mrad": 184.306892401502,
      "ep_err_post_mrad": 250.02624275155372,
      "mae_post_mrad": 161.97233484765601,
      "recovery_time_s": 0.4759999999998388
    },
    "CPG+CfC+LIF_FB": {
      "ep_err_pre_mrad": 170.38289865858346,
      "ep_err_post_mrad": 249.47271189324908,
      "mae_post_mrad": 156.9420131739435,
      "recovery_time_s": 0.45799999999984076
    }
  }
}