{
  "experiment": "2c",
  "seed": 0,
  "sweep_name": "condition_sweep_2c/tau_020_taur050",
  "sim_duration_s": 9.0,
  "load_time_s": 3.0,
  "load_joint": 1,
  "load_torque_nm": -25.0,
  "endpoint_joint": 1,
  "cpg_amplitude": 0.3,
  "cpg_tau": 0.2,
  "cpg_tau_r": 0.5,
  "conditions": {
    "CPG+CfC": {
      "ep_err_pre_mrad": 161.91101561657672,
      "ep_err_post_mrad": 227.18446628326856,
      "mae_post_mrad": 120.95036936453869,
      "recovery_time_s": 0.4759999999998388
    },
    "CPG+CfC+LIF_FB": {
      "ep_err_pre_mrad": 156.01955259317845,
      "ep_err_post_mrad": 232.3313685117216,
      "mae_post_mrad": 122.88953970932141,
      "recovery_time_s": 0.4619999999998403
    }
  }
}