{
  "experiment": "2b",
  "seed": 1,
  "sweep_name": "condition_sweep_2b/joint5_60Nm",
  "disturbance_time_s": 3.0,
  "disturbance_joint": 5,
  "q_init_noise": 0.0,
  "disturbance_levels": {
    "joint5_60Nm": {
      "PD+CfC": {
        "peak_err_rad": 0.19348939439845125,
        "mae_post_mrad": 119.61512472769783,
        "recovery_time_s": 0.04199999999988657
      },
      "Full": {
        "peak_err_rad": 0.19831440137482725,
        "mae_post_mrad": 115.98856557939484,
        "recovery_time_s": 0.04199999999988657
      }
    }
  }
}