{
  "sweep_name": "sweep11",
  "seeds": [
    0,
    1,
    2,
    3,
    4,
    5,
    6,
    7,
    8,
    9,
    42
  ],
  "E4_hold": {
    "means_mae_post_mrad": {
      "E4-PD": {
        "D0": 750.6451758631728,
        "D1": 1568.14890968404,
        "D5": 2059.874826370407
      },
      "E4-E3": {
        "D0": 732.0262586122768,
        "D1": 1549.6044241538657,
        "D5": 2054.4971620796364
      },
      "E4-MCA": {
        "D0": 726.3963958334275,
        "D1": 1516.5084943519958,
        "D5": 2060.002207195467
      },
      "E4-full": {
        "D0": 665.1819050937916,
        "D1": 1460.2244967619115,
        "D5": 2060.647098566149
      }
    },
    "pass": true,
    "improvement_vs_e3": {
      "D0": 66.84435351848526,
      "D1": 89.3799273919542,
      "D5": -6.149936486512615
    }
  },
  "E4_switch": {
    "means_hold_mae_mrad": {
      "E4-PD-switch": 158.65257338895447,
      "E4-MCA-switch": 155.53114584133945
    },
    "means_oscillate_mae_mrad": {
      "E4-PD-switch": 166.98257022600205,
      "E4-MCA-switch": 168.75486583786065
    },
    "pass_switch": true
  }
}