{
  "E1-A0": {
    "mae_mean": 114.419240137196,
    "mae_std": 28.892429070083224,
    "n": 11
  },
  "E1-MLP": {
    "mae_mean": 82.89125990316818,
    "mae_std": 23.799745963893727,
    "n": 11
  },
  "E1-fwd": {
    "mae_mean": 103.71569490320402,
    "mae_std": 0.00745671766286355,
    "n": 11
  },
  "E1-fwd-online": {
    "mae_mean": 103.71390872156331,
    "mae_std": 0.007296401207009738,
    "n": 11
  }
}