{
  "sweep_name": "sweep11",
  "seeds": [
    0,
    1,
    2,
    3,
    4,
    5,
    6,
    7,
    8,
    9,
    42
  ],
  "metrics": {
    "D0": {
      "E5-PD": {
        "mae_post_mrad": {
          "mean": 750.6451758631728,
          "std": 0.44837397913662935,
          "n": 11
        },
        "energy_J": {
          "mean": 9343.352582101305,
          "std": 6.718051712749172,
          "n": 11
        },
        "energy_post_J": {
          "mean": 5094.34747371933,
          "std": 6.805707977787801,
          "n": 11
        },
        "jerk": {
          "mean": 54651227876481.52,
          "std": 823266639787.7295,
          "n": 11
        },
        "jerk_post": {
          "mean": 26186822390471.363,
          "std": 571120395660.2162,
          "n": 11
        },
        "cc_ratio": {
          "mean": 0.0,
          "std": 0.0,
          "n": 11
        },
        "recovery_time_s": {
          "mean": NaN,
          "std": NaN,
          "n": 0
        },
        "peak_err_rad": {
          "mean": 1.0176368843004178,
          "std": 0.003210625285894755,
          "n": 11
        }
      },
      "E5-E3": {
        "mae_post_mrad": {
          "mean": 732.0262586122768,
          "std": 0.3498420222932697,
          "n": 11
        },
        "energy_J": {
          "mean": 9396.353012471403,
          "std": 10.916731032202566,
          "n": 11
        },
        "energy_post_J": {
          "mean": 5498.041549639322,
          "std": 9.892443238591172,
          "n": 11
        },
        "jerk": {
          "mean": 54667882575133.59,
          "std": 823589320008.5513,
          "n": 11
        },
        "jerk_post": {
          "mean": 26189107682189.273,
          "std": 572273044984.2,
          "n": 11
        },
        "cc_ratio": {
          "mean": 0.3617525047138753,
          "std": 0.00030738523382112666,
          "n": 11
        },
        "recovery_time_s": {
          "mean": NaN,
          "std": NaN,
          "n": 0
        },
        "peak_err_rad": {
          "mean": 0.9228216114989027,
          "std": 0.00301879178765547,
          "n": 11
        }
      },
      "E5-MCA": {
        "mae_post_mrad": {
          "mean": 726.3963958334275,
          "std": 0.414425993720834,
          "n": 11
        },
        "energy_J": {
          "mean": 9245.599202954752,
          "std": 6.983552821911181,
          "n": 11
        },
        "energy_post_J": {
          "mean": 5061.228606321398,
          "std": 7.075381580164756,
          "n": 11
        },
        "jerk": {
          "mean": 54654198135028.24,
          "std": 823180763817.1765,
          "n": 11
        },
        "jerk_post": {
          "mean": 26187487734687.836,
          "std": 571160459786.3857,
          "n": 11
        },
        "cc_ratio": {
          "mean": 0.33702309516170453,
          "std": 0.0001943532682078752,
          "n": 11
        },
        "recovery_time_s": {
          "mean": NaN,
          "std": NaN,
          "n": 0
        },
        "peak_err_rad": {
          "mean": 0.9823011305863903,
          "std": 0.0033881863333566865,
          "n": 11
        }
      },
      "E5-full": {
        "mae_post_mrad": {
          "mean": 665.1819050937916,
          "std": 0.6808026811477396,
          "n": 11
        },
        "energy_J": {
          "mean": 8712.20382061778,
          "std": 10.309734836598981,
          "n": 11
        },
        "energy_post_J": {
          "mean": 4993.108467487051,
          "std": 10.218306489181927,
          "n": 11
        },
        "jerk": {
          "mean": 54701034290670.91,
          "std": 823050552675.6998,
          "n": 11
        },
        "jerk_post": {
          "mean": 26196205094138.598,
          "std": 571335955012.3611,
          "n": 11
        },
        "cc_ratio": {
          "mean": 0.45380314127266536,
          "std": 0.00019667719066755493,
          "n": 11
        },
        "recovery_time_s": {
          "mean": NaN,
          "std": NaN,
          "n": 0
        },
        "peak_err_rad": {
          "mean": 0.9108971648944609,
          "std": 0.0034717910245954326,
          "n": 11
        }
      }
    },
    "D1": {
      "E5-PD": {
        "mae_post_mrad": {
          "mean": 1568.14890968404,
          "std": 0.646101053311441,
          "n": 11
        },
        "energy_J": {
          "mean": 8702.071224454992,
          "std": 4.448136796814716,
          "n": 11
        },
        "energy_post_J": {
          "mean": 4710.581995177701,
          "std": 4.525277173718846,
          "n": 11
        },
        "jerk": {
          "mean": 55111763077399.875,
          "std": 812826572880.8396,
          "n": 11
        },
        "jerk_post": {
          "mean": 26371508794085.996,
          "std": 432344846202.654,
          "n": 11
        },
        "cc_ratio": {
          "mean": 0.0,
          "std": 0.0,
          "n": 11
        },
        "recovery_time_s": {
          "mean": NaN,
          "std": NaN,
          "n": 0
        },
        "peak_err_rad": {
          "mean": 1.8443636864824469,
          "std": 0.0042886773713466985,
          "n": 11
        }
      },
      "E5-E3": {
        "mae_post_mrad": {
          "mean": 1549.6044241538657,
          "std": 0.6976137876733489,
          "n": 11
        },
        "energy_J": {
          "mean": 8992.632122999712,
          "std": 11.450300321343889,
          "n": 11
        },
        "energy_post_J": {
          "mean": 5300.384642410837,
          "std": 10.639511898961732,
          "n": 11
        },
        "jerk": {
          "mean": 55493825404226.51,
          "std": 819487086491.913,
          "n": 11
        },
        "jerk_post": {
          "mean": 26431815967684.3,
          "std": 431468002781.1181,
          "n": 11
        },
        "cc_ratio": {
          "mean": 0.40794635701210313,
          "std": 0.0003225678087429302,
          "n": 11
        },
        "recovery_time_s": {
          "mean": NaN,
          "std": NaN,
          "n": 0
        },
        "peak_err_rad": {
          "mean": 1.7430070291937925,
          "std": 0.0030642319318226266,
          "n": 11
        }
      },
      "E5-MCA": {
        "mae_post_mrad": {
          "mean": 1516.5084943519958,
          "std": 0.5908663570884647,
          "n": 11
        },
        "energy_J": {
          "mean": 8941.72644165937,
          "std": 5.298929665547581,
          "n": 11
        },
        "energy_post_J": {
          "mean": 4872.993714549018,
          "std": 5.339846559661203,
          "n": 11
        },
        "jerk": {
          "mean": 55114444878748.84,
          "std": 813525193933.426,
          "n": 11
        },
        "jerk_post": {
          "mean": 26372059588246.5,
          "std": 432213869889.811,
          "n": 11
        },
        "cc_ratio": {
          "mean": 0.3884239967610631,
          "std": 0.0004610974650046128,
          "n": 11
        },
        "recovery_time_s": {
          "mean": NaN,
          "std": NaN,
          "n": 0
        },
        "peak_err_rad": {
          "mean": 1.78296284760427,
          "std": 0.004129713852993216,
          "n": 11
        }
      },
      "E5-full": {
        "mae_post_mrad": {
          "mean": 1460.2244967619115,
          "std": 2.2072710255303236,
          "n": 11
        },
        "energy_J": {
          "mean": 9154.571654263396,
          "std": 87.87099917402884,
          "n": 11
        },
        "energy_post_J": {
          "mean": 5556.825850609856,
          "std": 12.267253183147881,
          "n": 11
        },
        "jerk": {
          "mean": 55493054979370.33,
          "std": 824820597135.5968,
          "n": 11
        },
        "jerk_post": {
          "mean": 26432237779665.46,
          "std": 434091183683.87714,
          "n": 11
        },
        "cc_ratio": {
          "mean": 0.5085324185944758,
          "std": 0.0015624206264439242,