{
  "sweep_name": "sweep11",
  "seeds": [
    0,
    1,
    2,
    3,
    4,
    5,
    6,
    7,
    8,
    9,
    42
  ],
  "E2": {
    "means_mae_post_mrad": {
      "E2-PD": {
        "D0": 750.6451758631728,
        "D1": 1568.14890968404,
        "D5": 2059.874826370407
      },
      "E2-reflex": {
        "D0": 606.3297859081827,
        "D1": 1506.1447204765939,
        "D5": 2059.9824325644004
      },
      "E2-cc": {
        "D0": 738.8428218295356,
        "D1": 1539.4341626634318,
        "D5": 2060.283412129791
      },
      "E2-cc+ref": {
        "D0": 596.0451350702641,
        "D1": 1476.7750714991873,
        "D5": 2060.4495844074145
      }
    },
    "cohens_d_ref": {
      "E2-PD": {
        "D0": 0.0,
        "D1": 0.0,
        "D5": 0.0
      },
      "E2-reflex": {
        "D0": 286.9029463617262,
        "D1": 96.98167796049114,
        "D5": -0.6698798332071149
      },
      "E2-cc": {
        "D0": 30.88033424865125,
        "D1": 54.8936943986548,
        "D5": -2.658068860332288
      },
      "E2-cc+ref": {
        "D0": 425.50868749397375,
        "D1": 179.66365953265347,
        "D5": -3.3973166510576114
      }
    },
    "pass": true
  },
  "E3": {
    "means_mae_post_mrad": {
      "E3-PD": {
        "D0": 750.6451758631728,
        "D1": 1568.14890968404,
        "D5": 2059.874826370407
      },
      "E3-cc": {
        "D0": 738.8428218295356,
        "D1": 1539.4341626634318,
        "D5": 2060.283412129791
      },
      "E3-ia_ib": {
        "D0": 733.3458240110257,
        "D1": 1553.9584161696991,
        "D5": 2054.132103682579
      },
      "E3-cc+ia_ib": {
        "D0": 732.0262586122768,
        "D1": 1549.6044241538657,
        "D5": 2054.4971620796364
      }
    },
    "cohens_d_ref": {
      "E3-PD": {
        "D0": 0.0,
        "D1": 0.0,
        "D5": 0.0
      },
      "E3-cc": {
        "D0": 30.88033424865125,
        "D1": 54.8936943986548,
        "D5": -2.658068860332288
      },
      "E3-ia_ib": {
        "D0": 38.4495793668706,
        "D1": 17.81856009306719,
        "D5": 7.724344425137004
      },
      "E3-cc+ia_ib": {
        "D0": 46.2999107921487,
        "D1": 27.581556303979582,
        "D5": 14.900546321510236
      }
    },
    "latency_ms": [
      20.0,
      20.0,
      20.0,
      20.0,
      20.0,
      20.0,
      20.0,
      20.0,
      20.0,
      20.0,
      20.0
    ],
    "latency_mean": 20.0,
    "latency_ok": true,
    "pass_latency": true,
    "pass_d": true,
    "pass": true
  }
}