{
  "2a": {
    "PD": {
      "static_mae_mrad": {
        "mean": 158.4164084364015,
        "std": 2.9808940330728763e-14,
        "median": 158.41640843640147,
        "min": 158.41640843640147,
        "max": 158.41640843640147,
        "n": 11,
        "n_valid": 11,
        "fail_rate": 0.0
      }
    },
    "PD+CfC": {
      "static_mae_mrad": {
        "mean": 114.419240137196,
        "std": 30.302635253831788,
        "median": 114.9075104921755,
        "min": 63.34869083733616,
        "max": 180.22203330181694,
        "n": 11,
        "n_valid": 11,
        "fail_rate": 0.0
      }
    },
    "Full": {
      "static_mae_mrad": {
        "mean": 111.70771972686902,
        "std": 25.402395482112873,
        "median": 118.13485782068595,
        "min": 78.10486006251769,
        "max": 166.89277055498786,
        "n": 11,
        "n_valid": 11,
        "fail_rate": 0.0
      }
    },
    "effect_size": {
      "cohens_d_PD_vs_PDCfC": 2.0533327083122277,
      "cohens_d_PD_vs_Full": 2.6003870816119425
    }
  },
  "2b": {
    "light_30Nm": {
      "PD+CfC": {
        "peak_err_rad": {
          "mean": 0.3369773019855207,
          "std": 0.14800193420875135,
          "median": 0.3422140740215749,
          "min": 0.16640918077434236,
          "max": 0.6523169114130245,
          "n": 11,
          "n_valid": 11,
          "fail_rate": 0.0
        },
        "recovery_time_s": {
          "mean": 0.18179999999987118,
          "std": 0.2507082412331282,
          "median": 0.06999999999988349,
          "min": 0.021999999999888775,
          "max": 0.8119999999998018,
          "n": 11,
          "n_valid": 10,
          "fail_rate": 0.09090909090909091
        }
      },
      "Full": {
        "peak_err_rad": {
          "mean": 0.31009185116706994,
          "std": 0.1572275845839655,
          "median": 0.3053007790933042,
          "min": 0.12489003144156502,
          "max": 0.6839317880946989,
          "n": 11,
          "n_valid": 11,
          "fail_rate": 0.0
        },
        "recovery_time_s": {
          "mean": 0.12859999999987703,
          "std": 0.20326457853959648,
          "median": 0.021999999999888775,
          "min": 0.021999999999888775,
          "max": 0.6599999999998185,
          "n": 11,
          "n_valid": 10,
          "fail_rate": 0.09090909090909091
        }
      },
      "effect_size": {
        "cohens_d_peak_err_PDCfC_vs_Full": 0.17608505552115955
      }
    },
    "medium_60Nm": {
      "PD+CfC": {
        "peak_err_rad": {
          "mean": 0.3550370406222964,
          "std": 0.17792600940792822,
          "median": 0.3164439591554657,
          "min": 0.12543924682436824,
          "max": 0.6836099512430429,
          "n": 11,
          "n_valid": 11,
          "fail_rate": 0.0
        },
        "recovery_time_s": {
          "mean": 0.3249090909089464,
          "std": 0.431566786151402,
          "median": 0.10999999999987908,
          "min": 0.04199999999988657,
          "max": 1.493999999999727,
          "n": 11,
          "n_valid": 11,
          "fail_rate": 0.0
        }
      },
      "Full": {
        "peak_err_rad": {
          "mean": 0.34762831102406927,
          "std": 0.18234833970516018,
          "median": 0.29474240572642474,
          "min": 0.13194500205906845,
          "max": 0.6971171825776447,
          "n": 11,
          "n_valid": 11,
          "fail_rate": 0.0
        },
        "recovery_time_s": {
          "mean": 0.2327272727271383,
          "std": 0.23881251680304702,
          "median": 0.05199999999988547,
          "min": 0.04199999999988657,
          "max": 0.6579999999998187,
          "n": 11,
          "n_valid": 11,
          "fail_rate": 0.0
        }
      },
      "effect_size": {
        "cohens_d_peak_err_PDCfC_vs_Full": 0.041125167703299007
      }
    },
    "heavy_87Nm": {
      "PD+CfC": {
        "peak_err_rad": {
          "mean": 0.5998557188607967,
          "std": 0.29083741213335407,
          "median": 0.5017660294621769,
          "min": 0.31851976148006594,
          "max": 1.105535619862444,
          "n": 11,
          "n_valid": 11,
          "fail_rate": 0.0
        },
        "recovery_time_s": {
          "mean": 0.645818181818002,
          "std": 0.43954563316716183,
          "median": 0.6639999999998181,
          "min": 0.08199999999988217,
          "max": 1.4179999999997355,
          "n": 11,
          "n_valid": 11,
          "fail_rate": 0.0
        }
      },
      "Full": {
        "peak_err_rad": {
          "mean": 0.5624633094362025,
          "std": 0.2840712348602552,
          "median": 0.4653602962905711,
          "min": 0.31310860265571455,
          "max": 1.2453003165019143,
          "n": 11,
          "n_valid": 11,
          "fail_rate": 0.0
        },
        "recovery_time_s": {
          "mean": 0.6270909090907313,
          "std": 0.4870772945940293,
          "median": 0.5619999999998293,
          "min": 0.08199999999988217,
          "max": 1.5899999999997165,
          "n": 11,
          "n_valid": 11,
          "fail_rate": 0.0
        }
      },
      "effect_size": {
        "cohens_d_peak_err_PDCfC_vs_Full": 0.1300722131437478
      }
    }
  },
  "2c": {
    "CPG+CfC": {
      "ep_err_pre_mrad": {
        "mean": 182.51063498394655,
        "std": 92.55257470750048,
        "median": 157.02612870013346,
        "min": 51.395823208789096,
        "max": 339.16247067743717,
        "n": 11,
        "n_valid": 11,
        "fail_rate": 0.0
      },
      "ep_err_post_mrad": {
        "mean": 354.54553737621825,
        "std": 87.5270021067894,
        "median": 329.3429439339307,
        "min": 214.29141593002382,
        "max": 479.4296513580701,
        "n": 11,
        "n_valid": 11,
        "fail_rate": 0.0
      },
      "mae_post_mrad": {
        "mean": 133.4326861483079,
        "std": 17.809168661188863,
        "median": 133.32619983064365,
        "min": 108.92942390476382,
        "max": 174.0053036048371,
        "n": 11,
        "n_valid": 11,
        "fail_rate": 0.0
      }
    },
    "CPG+CfC+LIF_FB": {
      "ep_err_pre_mrad": {
        "mean": 206.89463164961083,
        "std": 101.04025716683523,
        "median": 211.374606139546,
        "min": 49.2344008290615,
        "max": 354.866932311739,
        "n": 11,
        "n_valid": 11,
        "fail_rate": 0.0
      },
      "ep_err_post_mrad": {
        "mean": 331.73122300725714,
        "std": 77.53914645461269,
        "median": 338.47659857355103,
        "min": 217.24908439726156,
        "max": 444.99158583351175,
        "n": 11,
        "n_valid": 11,
        "fail_rate": 0.0
      },
      "mae_post_mrad": {
        "mean": 130.3756707227413,
        "std": 18.63851927478098,
        "median": 131.20110542938122,
        "min": 106.08428407601924,
        "max": 170.93636422053913,
        "n": 11,
        "n_valid": 11,
        "fail_rate": 0.0
      }
    },
    "effect_size": {
      "cohens_d_ep_post_nofb_vs_fb": 0.2759216778691474
    }
  },
  "2d": {
    "PD": {
      "static_mae_mrad": {
        "mean": 160.48975443035008,
        "std": 2.9808940330728763e-14,
        "median": 160.48975443035005,
        "min": 160.48975443035005,
        "max": 160.48975443035005,
        "n": 11,
        "n_valid": 11,
        "fail_rate": 0.0
      },
      "peak_err_rad": {
        "mean": 1.0109409266192448,
        "std": 2.3288234633381846e-16,
        "median": 1.0109409266192446,
        "min": 1.0109409266192446,
        "max": 1.0109409266192446,
        "n": 11,
        "n_valid": 11,
        "fail_rate": 0.0
      },
      "recovery_time_s": {
        "mean": null,
        "std": null,
        "median": null,
        "min": null,
        "max": null,
        "n": 11,
        "n_valid": 0,
        "fail_rate": 1.0
      }
    },
    "PD+CfC": {
      "static_mae_mrad": {
        "mean": 115.83229332499236,
        "std": 30.324186529819368,
        "median": 115.93327124907633,