{
  "phase_d": [
    {
      "condition": "D0_baseline",
      "meta": {
        "pd_gain_scale": 1.0,
        "obs_noise_std": 0.0,
        "obs_delay_steps": 0,
        "torque_saturation": null,
        "model_mass_scale": 1.0,
        "model_friction_scale": 1.0
      },
      "n_seeds": 11,
      "PD+CfC": {
        "peak_err_rad": {
          "mean": 0.3600106441913162,
          "std": 0.18204320358196946,
          "median": 0.3190119283223002,
          "min": 0.1244199545421727,
          "max": 0.7085018629663615,
          "n": 11,
          "n_valid": 11,
          "fail_rate": 0.0
        },
        "mae_post_mrad": {
          "mean": 114.00462532113943,
          "std": 29.329320903133656,
          "median": 112.69991258773351,
          "min": 70.43715642028442,
          "max": 183.04273666539066,
          "n": 11,
          "n_valid": 11,
          "fail_rate": 0.0
        },
        "recovery_time_s": {
          "mean": 0.14509090909078431,
          "std": 0.15571348981088814,
          "median": 0.05399999999988525,
          "min": 0.04199999999988657,
          "max": 0.42799999999984406,
          "n": 11,
          "n_valid": 11,
          "fail_rate": 0.0
        }
      },
      "Full": {
        "peak_err_rad": {
          "mean": 0.35089881736551404,
          "std": 0.18471342509707217,
          "median": 0.29767894417447743,
          "min": 0.13275276532885966,
          "max": 0.7138477610104754,
          "n": 11,
          "n_valid": 11,
          "fail_rate": 0.0
        },
        "mae_post_mrad": {
          "mean": 109.89923397154881,
          "std": 24.072056532245497,
          "median": 111.94342164589857,
          "min": 76.45578502080215,
          "max": 152.69478260418515,
          "n": 11,
          "n_valid": 11,
          "fail_rate": 0.0
        },
        "recovery_time_s": {
          "mean": 0.1512727272726018,
          "std": 0.20331703859197114,
          "median": 0.04399999999988635,
          "min": 0.04199999999988657,
          "max": 0.6579999999998187,
          "n": 11,
          "n_valid": 11,
          "fail_rate": 0.0
        }
      },
      "D_main_effect_size": {
        "cohens_d_peak_err": 0.049687365542148094,
        "cohens_d_mae": 0.15301627848498894,
        "cohens_d_rt": -0.03413741166149205
      }
    },
    {
      "condition": "D1_low_gain",
      "meta": {
        "pd_gain_scale": 0.5,
        "obs_noise_std": 0.0,
        "obs_delay_steps": 0,
        "torque_saturation": null,
        "model_mass_scale": 1.0,
        "model_friction_scale": 1.0
      },
      "n_seeds": 11,
      "PD+CfC": {
        "peak_err_rad": {
          "mean": 0.6081268808742585,
          "std": 0.23870800493948421,
          "median": 0.5440087403819969,
          "min": 0.36382734722745774,
          "max": 1.078672278664549,
          "n": 11,
          "n_valid": 11,
          "fail_rate": 0.0
        },
        "mae_post_mrad": {
          "mean": 192.66718836716092,
          "std": 12.968500141566523,
          "median": 189.7923139803359,
          "min": 173.51371524911332,
          "max": 217.54110431910482,
          "n": 11,
          "n_valid": 11,
          "fail_rate": 0.0
        },
        "recovery_time_s": {
          "mean": 0.2179999999998672,
          "std": 0.16367528829971278,
          "median": 0.17999999999987137,
          "min": 0.04399999999988635,
          "max": 0.5419999999998315,
          "n": 11,
          "n_valid": 11,
          "fail_rate": 0.0
        }
      },
      "Full": {
        "peak_err_rad": {
          "mean": 0.6983101738329702,
          "std": 0.18721637815569422,
          "median": 0.6629429317312512,
          "min": 0.46794643220082754,
          "max": 1.0260032537690058,
          "n": 11,
          "n_valid": 11,
          "fail_rate": 0.0
        },
        "mae_post_mrad": {
          "mean": 197.50611748835524,
          "std": 19.247275143789338,
          "median": 201.46574636780971,
          "min": 162.05606645750171,
          "max": 227.97773196689815,
          "n": 11,
          "n_valid": 11,
          "fail_rate": 0.0
        },
        "recovery_time_s": {
          "mean": 0.22163636363623046,
          "std": 0.3537556424220355,
          "median": 0.04399999999988635,
          "min": 0.04199999999988657,
          "max": 1.177999999999762,
          "n": 11,
          "n_valid": 11,
          "fail_rate": 0.0
        }
      },
      "D_main_effect_size": {
        "cohens_d_peak_err": -0.4204098422009262,
        "cohens_d_mae": -0.2948594971702969,
        "cohens_d_rt": -0.013193400347037127
      }
    },
    {
      "condition": "D2_delay_5step",
      "meta": {
        "pd_gain_scale": 1.0,
        "obs_noise_std": 0.0,
        "obs_delay_steps": 5,
        "torque_saturation": null,
        "model_mass_scale": 1.0,
        "model_friction_scale": 1.0
      },
      "n_seeds": 11,
      "PD+CfC": {
        "peak_err_rad": {
          "mean": 0.39403389639092873,
          "std": 0.22247000823836724,
          "median": 0.3185376192086495,
          "min": 0.12569367251072738,
          "max": 0.9479755429302155,
          "n": 11,
          "n_valid": 11,
          "fail_rate": 0.0
        },
        "mae_post_mrad": {
          "mean": 115.00635077140286,
          "std": 20.602107324230637,
          "median": 108.7063856147538,
          "min": 87.54389603795107,
          "max": 151.14172037562304,
          "n": 11,
          "n_valid": 11,
          "fail_rate": 0.0
        },
        "recovery_time_s": {
          "mean": 0.2156363636362311,
          "std": 0.2726709638840157,
          "median": 0.05399999999988525,
          "min": 0.04199999999988657,
          "max": 0.7379999999998099,
          "n": 11,
          "n_valid": 11,
          "fail_rate": 0.0
        }
      },
      "Full": {
        "peak_err_rad": {
          "mean": 0.3757060160601185,
          "std": 0.19461336662613365,
          "median": 0.331374446190419,
          "min": 0.1923775557591737,
          "max": 0.9031148336757286,
          "n": 11,
          "n_valid": 11,
          "fail_rate": 0.0
        },
        "mae_post_mrad": {
          "mean": 109.03295139525889,
          "std": 20.13926105458792,
          "median": 108.36803903320438,
          "min": 79.19865615206496,
          "max": 137.9742264167744,
          "n": 11,
          "n_valid": 11,
          "fail_rate": 0.0
        },
        "recovery_time_s": {
          "mean": 0.2389090909089558,
          "std": 0.24096699132677513,
          "median": 0.06999999999988349,
          "min": 0.04199999999988657,
          "max": 0.6319999999998216,
          "n": 11,
          "n_valid": 11,
          "fail_rate": 0.0
        }
      },
      "D_main_effect_size": {
        "cohens_d_peak_err": 0.08769056394220122,
        "cohens_d_mae": 0.2932161671644825,
        "cohens_d_rt": -0.09044705507845607
      }
    },
    {
      "condition": "D3_strong_dist",
      "meta": {
        "pd_gain_scale": 1.0,
        "obs_noise_std": 0.0,
        "obs_delay_steps": 0,
        "torque_saturation": null,
        "model_mass_scale": 1.0,
        "model_friction_scale": 1.0
      },
      "n_seeds": 11,
      "PD+CfC": {
        "peak_err_rad": {
          "mean": 0.360845985151773,
          "std": 0.18412898197439947,
          "median": 0.32129051953783994,
          "min": 0.12217694527662909,
          "max": 0.7118869823011733,
          "n": 11,
          "n_valid": 11,
          "fail_rate": 0.0
        },
        "mae_post_mrad": {
          "mean": 113.72187097341893,
          "std": 29.289058581536107,
          "median": 114.57912060990557,
          "min": 68.89694003106563,
          "max": 181.72644219648183,
          "n": 11,
          "n_valid": 11,
          "fail_rate": 0.0
        },
        "recovery_time_s": {
          "mean": 0.14509090909078431,
          "std": 0.15699264603504676,
          "median": 0.05399999999988525,