{
  "sweep_name": "sweep11",
  "seeds": [
    0,
    1,
    2,
    3,
    4,
    5,
    6,
    7,
    8,
    9,
    42
  ],
  "metrics": {
    "D0": {
      "EF-PD": {
        "mae_post_mrad": {
          "mean": 750.6451758631728,
          "std": 0.44837397913662935,
          "n": 11
        },
        "energy_post_J": {
          "mean": 5094.34747371933,
          "std": 6.805707977787801,
          "n": 11
        },
        "jerk_post": {
          "mean": 26186822390471.363,
          "std": 571120395660.2162,
          "n": 11
        },
        "cc_ratio": {
          "mean": 0.0,
          "std": 0.0,
          "n": 11
        },
        "recovery_time_s": {
          "mean": NaN,
          "std": NaN,
          "n": 0
        },
        "peak_err_rad": {
          "mean": 1.0176368843004178,
          "std": 0.003210625285894755,
          "n": 11
        },
        "pred_err_mrad": {
          "mean": NaN,
          "std": NaN,
          "n": 0
        }
      },
      "EF-E4": {
        "mae_post_mrad": {
          "mean": 665.1819050937916,
          "std": 0.6808026811477396,
          "n": 11
        },
        "energy_post_J": {
          "mean": 4993.108467487051,
          "std": 10.218306489181927,
          "n": 11
        },
        "jerk_post": {
          "mean": 26196205094138.598,
          "std": 571335955012.3611,
          "n": 11
        },
        "cc_ratio": {
          "mean": 0.45380314127266536,
          "std": 0.00019667719066755493,
          "n": 11
        },
        "recovery_time_s": {
          "mean": NaN,
          "std": NaN,
          "n": 0
        },
        "peak_err_rad": {
          "mean": 0.9108971648944609,
          "std": 0.0034717910245954326,
          "n": 11
        },
        "pred_err_mrad": {
          "mean": NaN,
          "std": NaN,
          "n": 0
        }
      },
      "EF-cereb": {
        "mae_post_mrad": {
          "mean": 401.5534372092301,
          "std": 0.25586561068438185,
          "n": 11
        },
        "energy_post_J": {
          "mean": 3897.48871538884,
          "std": 6.240043420596433,
          "n": 11
        },
        "jerk_post": {
          "mean": 26291976823624.61,
          "std": 533373298831.2779,
          "n": 11
        },
        "cc_ratio": {
          "mean": 0.0,
          "std": 0.0,
          "n": 11
        },
        "recovery_time_s": {
          "mean": NaN,
          "std": NaN,
          "n": 0
        },
        "peak_err_rad": {
          "mean": 0.6159001897685034,
          "std": 0.002119328236417857,
          "n": 11
        },
        "pred_err_mrad": {
          "mean": 0.17429642179360041,
          "std": 0.012113649000576595,
          "n": 11
        }
      },
      "EF-full": {
        "mae_post_mrad": {
          "mean": 371.0729972929182,
          "std": 0.4378692095999102,
          "n": 11
        },
        "energy_post_J": {
          "mean": 4095.151262694862,
          "std": 9.626277590421013,
          "n": 11
        },
        "jerk_post": {
          "mean": 26258429683016.87,
          "std": 530716219522.2423,
          "n": 11
        },
        "cc_ratio": {
          "mean": 0.44061542609034954,
          "std": 0.00022592089205264064,
          "n": 11
        },
        "recovery_time_s": {
          "mean": NaN,
          "std": NaN,
          "n": 0
        },
        "peak_err_rad": {
          "mean": 0.5562081809476388,
          "std": 0.002369972037070911,
          "n": 11
        },
        "pred_err_mrad": {
          "mean": 0.2623290589553479,
          "std": 0.013798173215326701,
          "n": 11
        }
      }
    },
    "D1": {
      "EF-PD": {
        "mae_post_mrad": {
          "mean": 1568.14890968404,
          "std": 0.646101053311441,
          "n": 11
        },
        "energy_post_J": {
          "mean": 4710.581995177701,
          "std": 4.525277173718846,
          "n": 11
        },
        "jerk_post": {
          "mean": 26371508794085.996,
          "std": 432344846202.654,
          "n": 11
        },
        "cc_ratio": {
          "mean": 0.0,
          "std": 0.0,
          "n": 11
        },
        "recovery_time_s": {
          "mean": NaN,
          "std": NaN,
          "n": 0
        },
        "peak_err_rad": {
          "mean": 1.8443636864824469,
          "std": 0.0042886773713466985,
          "n": 11
        },
        "pred_err_mrad": {
          "mean": NaN,
          "std": NaN,
          "n": 0
        }
      },
      "EF-E4": {
        "mae_post_mrad": {
          "mean": 1460.2244967619115,
          "std": 2.2072710255303236,
          "n": 11
        },
        "energy_post_J": {
          "mean": 5556.825850609856,
          "std": 12.267253183147881,
          "n": 11
        },
        "jerk_post": {
          "mean": 26432237779665.46,
          "std": 434091183683.87714,
          "n": 11
        },
        "cc_ratio": {
          "mean": 0.5085324185944758,
          "std": 0.0015624206264439242,
          "n": 11
        },
        "recovery_time_s": {
          "mean": NaN,
          "std": NaN,
          "n": 0
        },
        "peak_err_rad": {
          "mean": 1.6907940879878383,
          "std": 0.008013609393205041,
          "n": 11
        },
        "pred_err_mrad": {
          "mean": NaN,
          "std": NaN,
          "n": 0
        }
      },
      "EF-cereb": {
        "mae_post_mrad": {
          "mean": 750.6015147721338,
          "std": 0.6167108385603162,
          "n": 11
        },
        "energy_post_J": {
          "mean": 5092.550017853038,
          "std": 9.058803345271858,
          "n": 11
        },
        "jerk_post": {
          "mean": 26171376585209.88,
          "std": 536278557108.13464,
          "n": 11
        },
        "cc_ratio": {
          "mean": 0.0,
          "std": 0.0,
          "n": 11
        },
        "recovery_time_s": {
          "mean": NaN,
          "std": NaN,
          "n": 0
        },
        "peak_err_rad": {
          "mean": 1.0160579198999458,
          "std": 0.004089493901708153,
          "n": 11
        },
        "pred_err_mrad": {
          "mean": 0.19586976889119756,
          "std": 0.00856973253036326,
          "n": 11
        }
      },
      "EF-full": {
        "mae_post_mrad": {
          "mean": 665.1288993153194,
          "std": 1.05437855847818,
          "n": 11
        },
        "energy_post_J": {
          "mean": 4987.6269176237165,
          "std": 15.385269993085032,
          "n": 11
        },
        "jerk_post": {
          "mean": 26178962419178.63,
          "std": 536261344306.71387,
          "n": 11
        },
        "cc_ratio": {
          "mean": 0.45373003810604523,
          "std": 0.00011227115795892168,
          "n": 11
        },
        "recovery_time_s": {
          "mean": NaN,
          "std": NaN,
          "n": 0
        },
        "peak_err_rad": {
          "mean": 0.90919232814622,
          "std": 0.003735642602766137,
          "n": 11
        },
        "pred_err_mrad": {
          "mean": 0.3022938444977132,
          "std": 0.010280357927905383,
          "n": 11
        }
      }
    },
    "D5": {
      "EF-PD": {
        "mae_post_mrad": {
          "mean": 2059.874826370407,
          "std": 0.16801110965764832,
          "n": 11
        },
        "energy_post_J": {
          "mean": 22414.704478158452,
          "std": 0.021831095201817082,
          "n": 11
        },
        "jerk_post": {
          "mean": 25890231953268.69,
          "std": 576623389609.0632,
          "n": 11
        },
        "cc_ratio": {
          "mean": 0.0,
          "std": 0.0,
          "n": 11
        },
        "recovery_time_s": {
          "mean": NaN,
          "std": NaN,
          "n": 0
        },
        "peak_err_rad": {
          "mean": 2.071295405992615,
          "std": 0.0007652474025645945,
          "n": 11
        },
        "pred_err_mrad": {
          "mean": NaN,
          "std": NaN,