{
  "experiment": "2c",
  "seed": 7,
  "sweep_name": "condition_sweep_2c/tau_035",
  "sim_duration_s": 9.0,
  "load_time_s": 3.0,
  "load_joint": 1,
  "load_torque_nm": -25.0,
  "endpoint_joint": 1,
  "cpg_amplitude": 0.3,
  "cpg_tau": 0.35,
  "conditions": {
    "CPG+CfC": {
      "ep_err_pre_mrad": 156.2061481011495,
      "ep_err_post_mrad": 247.199155150659,
      "mae_post_mrad": 123.14672903302427,
      "recovery_time_s": 2.3639999999996313
    },
    "CPG+CfC+LIF_FB": {
      "ep_err_pre_mrad": 157.37670094037233,
      "ep_err_post_mrad": 246.71350982694003,
      "mae_post_mrad": 120.50023521376936,
      "recovery_time_s": 2.355999999999632
    }
  }
}