{
  "experiment": "2a",
  "seed": 1,
  "conditions": {
    "PD": {
      "static_mae_mrad": 158.41640843640147
    },
    "PD+CfC": {
      "static_mae_mrad": 122.60669895686178
    },
    "Full": {
      "static_mae_mrad": 121.7337219703791
    }
  }
}