{
  "experiment": "2c",
  "seed": 5,
  "sweep_name": "condition_sweep_2c/tau_020_taur060",
  "sim_duration_s": 9.0,
  "load_time_s": 3.0,
  "load_joint": 1,
  "load_torque_nm": -25.0,
  "endpoint_joint": 1,
  "cpg_amplitude": 0.3,
  "cpg_tau": 0.2,
  "cpg_tau_r": 0.6,
  "conditions": {
    "CPG+CfC": {
      "ep_err_pre_mrad": 360.86505101122896,
      "ep_err_post_mrad": 306.1661656907616,
      "mae_post_mrad": 127.66933147947599,
      "recovery_time_s": 0.8779999999997945
    },
    "CPG+CfC+LIF_FB": {
      "ep_err_pre_mrad": 341.24938412368357,
      "ep_err_post_mrad": 324.7769463226673,
      "mae_post_mrad": 133.25783620051757,
      "recovery_time_s": 0.8899999999997932
    }
  }
}