{
  "experiment": "e3",
  "seed": 42,
  "sweep_name": "test2",
  "ia_latency_ms": 20.0,
  "latency_ok": true,
  "results": {
    "D0": {
      "E3-PD": {
        "mae_mrad": 160.48300203579737,
        "peak_err_rad": 1.0146654370418717,
        "recovery_time_s": null,
        "mae_post_mrad": 0.7507702891055466
      },
      "E3-cc": {
        "mae_mrad": 156.87252468043053,
        "peak_err_rad": 0.9914908745339168,
        "recovery_time_s": null,
        "mae_post_mrad": 0.7389235358295274
      },
      "E3-ia_ib": {
        "mae_mrad": 158.968944577813,
        "peak_err_rad": 0.9264094013475028,
        "recovery_time_s": null,
        "mae_post_mrad": 0.7335523828204911
      },
      "E3-cc+ia_ib": {
        "mae_mrad": 155.75392663090867,
        "peak_err_rad": 0.9191305159124812,
        "recovery_time_s": null,
        "mae_post_mrad": 0.7319543214599623
      }
    },
    "D1": {
      "E3-PD": {
        "mae_mrad": 255.33111611972765,
        "peak_err_rad": 1.8428767211256034,
        "recovery_time_s": null,
        "mae_post_mrad": 1.5684190241641034
      },
      "E3-cc": {
        "mae_mrad": 248.16566258560437,
        "peak_err_rad": 1.8021157955251312,
        "recovery_time_s": null,
        "mae_post_mrad": 1.5396285732232258
      },
      "E3-ia_ib": {
        "mae_mrad": 243.26841600468595,
        "peak_err_rad": 1.7543467622334623,
        "recovery_time_s": null,
        "mae_post_mrad": 1.5542486530059787
      },
      "E3-cc+ia_ib": {
        "mae_mrad": 231.7403558476695,
        "peak_err_rad": 1.7433242766409414,
        "recovery_time_s": null,
        "mae_post_mrad": 1.5504391511548128
      }
    },
    "D5": {
      "E3-PD": {
        "mae_mrad": 278.79900747301514,
        "peak_err_rad": 2.068776796083035,
        "recovery_time_s": null,
        "mae_post_mrad": 2.0598558149380217
      },
      "E3-cc": {
        "mae_mrad": 274.60594671905847,
        "peak_err_rad": 2.066600744303535,
        "recovery_time_s": null,
        "mae_post_mrad": 2.060282229055207
      },
      "E3-ia_ib": {
        "mae_mrad": 261.6142360921294,
        "peak_err_rad": 2.0919573865614014,
        "recovery_time_s": null,
        "mae_post_mrad": 2.053089890278677
      },
      "E3-cc+ia_ib": {
        "mae_mrad": 257.69602124121155,
        "peak_err_rad": 2.0935075467728823,
        "recovery_time_s": null,
        "mae_post_mrad": 2.053984081075363
      }
    }
  }
}