{
  "block_maes_mrad": [
    185.92703577767787,
    210.52066568037168,
    210.4908685173072,
    210.4914497513057,
    210.50739516908757,
    210.5141000104285,
    210.4875258399332,
    210.4899495217329,
    210.49304452092926,
    210.47464305658042
  ],
  "final_MAE_post": 210.47464305658042,
  "initial_MAE": 185.92703577767787,
  "MAE_improvement": -0.13202817533284028,
  "io_fire_count": 271,
  "io_fire_rate_hz": 4.5167,
  "io_fire_interval_mean": 110.9037,
  "condition": "f4_10hz",
  "io_mode": "sparse",
  "io_firing_rate_hz": 10.0,
  "online_lr": 0.0005,
  "seed": 7
}