{
  "experiment": "2b",
  "seed": 9,
  "sweep_name": "condition_sweep_2b/torque_75",
  "disturbance_time_s": 3.0,
  "disturbance_joint": 1,
  "disturbance_levels": {
    "torque_75": {
      "PD+CfC": {
        "peak_err_rad": 0.5750464942786196,
        "mae_post_mrad": 125.5274807959175,
        "recovery_time_s": 0.04199999999988657
      },
      "Full": {
        "peak_err_rad": 0.6910658599927606,
        "mae_post_mrad": 129.37302526008025,
        "recovery_time_s": 0.5959999999998256
      }
    }
  }
}