{
  "block_maes_mrad": [
    185.92888363499904,
    210.49534870032053,
    210.51196411928004,
    210.52161500505997,
    210.56236661814654,
    210.5383099853371,
    210.54242163306225,
    210.5647526404114,
    210.5504760205173,
    210.56487231043707
  ],
  "final_MAE_post": 210.56487231043707,
  "initial_MAE": 185.92888363499904,
  "MAE_improvement": -0.13250221371558904,
  "io_fire_count": 30000,
  "io_fire_rate_hz": 500.0,
  "io_fire_interval_mean": 1.0,
  "condition": "f4_continuous",
  "io_mode": "continuous",
  "io_firing_rate_hz": 500.0,
  "online_lr": 0.0005,
  "seed": 6
}