{
  "experiment": "2b",
  "seed": 42,
  "disturbance_levels": {
    "light_30Nm": {
      "PD+CfC": {
        "peak_err_rad": 0.20045547113997214,
        "mae_post_mrad": 113.38114690935599,
        "recovery_time_s": null
      },
      "Full": {
        "peak_err_rad": 0.20837792986742248,
        "mae_post_mrad": 119.47396316767602,
        "recovery_time_s": null
      }
    },
    "medium_60Nm": {
      "PD+CfC": {
        "peak_err_rad": 0.20746211370528717,
        "mae_post_mrad": 114.90279340712866,
        "recovery_time_s": 0.05599999999988503
      },
      "Full": {
        "peak_err_rad": 0.2062033416622882,
        "mae_post_mrad": 110.68961670091073,
        "recovery_time_s": 0.04399999999988635
      }
    },
    "heavy_87Nm": {
      "PD+CfC": {
        "peak_err_rad": 0.31851976148006594,
        "mae_post_mrad": 119.45497642791535,
        "recovery_time_s": 0.08199999999988217
      },
      "Full": {
        "peak_err_rad": 0.3196000890742383,
        "mae_post_mrad": 119.90429295502881,
        "recovery_time_s": 0.08199999999988217
      }
    }
  }
}