{
  "experiment": "e5",
  "seed": 4,
  "sweep_name": "sweep11",
  "results": {
    "D0": {
      "E5-PD": {
        "mae_mrad": 160.66253351284735,
        "mae_post_mrad": 749.9950516675947,
        "peak_err_rad": 1.0116140880489015,
        "recovery_time_s": null,
        "energy_J": 9333.778977363225,
        "energy_post_J": 5084.134802254905,
        "jerk": 55001854770832.53,
        "jerk_post": 26178173872271.84,
        "cc_ratio": 0.0
      },
      "E5-E3": {
        "mae_mrad": 156.06477889237118,
        "mae_post_mrad": 731.5865970118662,
        "peak_err_rad": 0.9189645476201105,
        "recovery_time_s": null,
        "energy_J": 9383.502751299837,
        "energy_post_J": 5483.8758759026805,
        "jerk": 55012973018374.51,
        "jerk_post": 26174816223754.094,
        "cc_ratio": 0.3617466148904104
      },
      "E5-MCA": {
        "mae_mrad": 156.07792145559046,
        "mae_post_mrad": 725.8087729643961,
        "peak_err_rad": 0.9775845436339379,
        "recovery_time_s": null,
        "energy_J": 9235.63704776355,
        "energy_post_J": 5050.640226707514,
        "jerk": 55004999227692.97,
        "jerk_post": 26178924787532.75,
        "cc_ratio": 0.3367605415811516
      },
      "E5-full": {
        "mae_mrad": 161.6530569156277,
        "mae_post_mrad": 664.3371269409693,
        "peak_err_rad": 0.9052791527491362,
        "recovery_time_s": null,
        "energy_J": 8696.006800707282,
        "energy_post_J": 4978.196727034508,
        "jerk": 55049179766459.28,
        "jerk_post": 26185919757397.066,
        "cc_ratio": 0.453998121597142
      }
    },
    "D1": {
      "E5-PD": {
        "mae_mrad": 255.4529004163946,
        "mae_post_mrad": 1567.6087743367034,
        "peak_err_rad": 1.8421600609396998,
        "recovery_time_s": null,
        "energy_J": 8698.261263189122,
        "energy_post_J": 4706.751799146751,
        "jerk": 54762327609627.84,
        "jerk_post": 26537572897647.625,
        "cc_ratio": 0.0
      },
      "E5-E3": {
        "mae_mrad": 231.78857200806956,
        "mae_post_mrad": 1549.2781788958566,
        "peak_err_rad": 1.7422549738374884,
        "recovery_time_s": null,
        "energy_J": 8981.660257785621,
        "energy_post_J": 5290.986915707197,
        "jerk": 55148068429708.18,
        "jerk_post": 26600673445355.84,
        "cc_ratio": 0.40805505623763627
      },
      "E5-MCA": {
        "mae_mrad": 246.57154285287865,
        "mae_post_mrad": 1515.962668579469,
        "peak_err_rad": 1.7799795918284353,
        "recovery_time_s": null,
        "energy_J": 8937.439129530609,
        "energy_post_J": 4868.53346373431,
        "jerk": 54765254439151.35,
        "jerk_post": 26537790923173.76,
        "cc_ratio": 0.38858541061851154
      },
      "E5-full": {
        "mae_mrad": 227.98503001476595,
        "mae_post_mrad": 1458.2469330192193,
        "peak_err_rad": 1.6834047122732496,
        "recovery_time_s": null,
        "energy_J": 9105.48417656575,
        "energy_post_J": 5548.917397273978,
        "jerk": 55144353379209.086,
        "jerk_post": 26600821500607.266,
        "cc_ratio": 0.509648500707098
      }
    },
    "D5": {
      "E5-PD": {
        "mae_mrad": 279.0153249387365,
        "mae_post_mrad": 2059.795395549185,
        "peak_err_rad": 2.0715729093993214,
        "recovery_time_s": null,
        "energy_J": 39369.245999936786,
        "energy_post_J": 22414.703324393795,
        "jerk": 51217389476439.63,
        "jerk_post": 25336880474348.29,
        "cc_ratio": 0.0
      },
      "E5-E3": {
        "mae_mrad": 257.9927065721543,
        "mae_post_mrad": 2054.1546099553357,
        "peak_err_rad": 2.097214081130865,
        "recovery_time_s": null,
        "energy_J": 37533.09675174665,
        "energy_post_J": 22784.682888323703,
        "jerk": 56330881735254.47,
        "jerk_post": 26112865644336.918,
        "cc_ratio": 0.3072474975651323
      },
      "E5-MCA": {
        "mae_mrad": 275.7420504657094,
        "mae_post_mrad": 2059.7988898857557,
        "peak_err_rad": 2.0708370799299427,
        "recovery_time_s": null,
        "energy_J": 39262.62587324004,
        "energy_post_J": 22414.696738151953,
        "jerk": 51206334042458.99,
        "jerk_post": 25334939571840.613,
        "cc_ratio": 0.24948779774994712
      },
      "E5-full": {
        "mae_mrad": 262.32779502225486,
        "mae_post_mrad": 2060.884051858986,
        "peak_err_rad": 2.090226657921238,
        "recovery_time_s": null,
        "energy_J": 37230.93507593028,
        "energy_post_J": 22875.601483121052,
        "jerk": 54640727324745.266,
        "jerk_post": 25864995208832.87,
        "cc_ratio": 0.38738038007932124
      }
    }
  }
}