{
  "experiment": "2d",
  "seed": 3,
  "conditions": {
    "PD": {
      "static_mae_mrad": 160.48975443035005,
      "peak_err_rad": 1.0109409266192446,
      "recovery_time_s": null
    },
    "PD+CfC": {
      "static_mae_mrad": 84.86723934807578,
      "peak_err_rad": 0.2902450472978059,
      "recovery_time_s": 0.04199999999977688
    },
    "Full": {
      "static_mae_mrad": 78.9209443261815,
      "peak_err_rad": 0.3283338738645127,
      "recovery_time_s": 0.5719999999997185
    }
  }
}