{
  "experiment": "e1",
  "seed": 8,
  "sweep_name": "default",
  "static": {
    "E1-A0": {
      "mae_mrad": 114.9075104921755,
      "pred_err_mean_mrad": null
    },
    "E1-MLP": {
      "mae_mrad": 83.54386819969575,
      "pred_err_mean_mrad": null
    },
    "E1-fwd": {
      "mae_mrad": 103.70721352724857,
      "pred_err_mean_mrad": 103.7691796510424
    },
    "E1-fwd-online": {
      "mae_mrad": 103.7096305294219,
      "pred_err_mean_mrad": 103.7841702273038
    }
  },
  "disturbance": {
    "E1-A0": {
      "peak_err_rad": 0.23779187159839626,
      "mae_post_mrad": 109.7230242416574,
      "recovery_time_s": 0.04199999999988657,
      "adapt_time_s": null
    },
    "E1-MLP": {
      "peak_err_rad": 0.2971657422171569,
      "mae_post_mrad": 98.05919319121831,
      "recovery_time_s": 0.04199999999988657,
      "adapt_time_s": null
    },
    "E1-fwd": {
      "peak_err_rad": 0.612372308628151,
      "mae_post_mrad": 110.89074727345061,
      "recovery_time_s": null,
      "adapt_time_s": null
    },
    "E1-fwd-online": {
      "peak_err_rad": 0.6124258115708378,
      "mae_post_mrad": 110.88214251112747,
      "recovery_time_s": null,
      "adapt_time_s": null
    }
  },
  "training": {
    "n_epochs": 300,
    "n_traj": 500,
    "fwd_final_loss": 0.1653222599029541
  }
}