{
  "block_maes_mrad": [
    186.00266282438594,
    210.53023398918583,
    210.50767803813983,
    210.5136812397952,
    210.52597065754154,
    210.52475174195916,
    210.5160234332934,
    210.5241559082897,
    210.51228814979808,
    210.5189902293786
  ],
  "final_MAE_post": 210.5189902293786,
  "initial_MAE": 186.00266282438594,
  "MAE_improvement": -0.13180632488045563,
  "io_fire_count": 31,
  "io_fire_rate_hz": 0.5167,
  "io_fire_interval_mean": 925.6,
  "condition": "f4_1hz",
  "io_mode": "sparse",
  "io_firing_rate_hz": 1.0,
  "online_lr": 0.0005,
  "seed": 8
}