{
  "block_maes_mrad": [
    185.98459815775036,
    210.48849331891918,
    210.4227916934295,
    210.4327087688989,
    210.46065141461534,
    210.45321956859212,
    210.43259054254693,
    210.4645456356553,
    210.46770274794824,
    210.4406248534909
  ],
  "final_MAE_post": 210.4406248534909,
  "initial_MAE": 185.98459815775036,
  "MAE_improvement": -0.13149490300732153,
  "io_fire_count": 22631,
  "io_fire_rate_hz": 377.1833,
  "io_fire_interval_mean": 1.3255,
  "condition": "f4_error_gated",
  "io_mode": "error_gated",
  "io_firing_rate_hz": 1.0,
  "online_lr": 0.0005,
  "seed": 8
}