{
  "experiment": "2b",
  "seed": 1,
  "sweep_name": "condition_sweep_2b/qnoise_005",
  "disturbance_time_s": 3.0,
  "disturbance_joint": 1,
  "q_init_noise": 0.05,
  "disturbance_levels": {
    "qnoise_005": {
      "PD+CfC": {
        "peak_err_rad": 0.7252793437880088,
        "mae_post_mrad": 124.40380865648882,
        "recovery_time_s": 0.04199999999988657
      },
      "Full": {
        "peak_err_rad": 0.6935484220352246,
        "mae_post_mrad": 135.30362865828178,
        "recovery_time_s": 0.0979999999998804
      }
    }
  }
}