{
  "block_maes_mrad": [
    186.21342340434492,
    210.53907491313944,
    210.50933447490632,
    210.55340107064728,
    210.53239112034044,
    210.52112670440692,
    210.5293189285504,
    210.5214297225035,
    210.51192116439304,
    210.5152126994066
  ],
  "final_MAE_post": 210.5152126994066,
  "initial_MAE": 186.21342340434492,
  "MAE_improvement": -0.13050503476412714,
  "io_fire_count": 38,
  "io_fire_rate_hz": 0.6333,
  "io_fire_interval_mean": 790.6216,
  "condition": "f4_1hz",
  "io_mode": "sparse",
  "io_firing_rate_hz": 1.0,
  "online_lr": 0.0005,
  "seed": 0
}