{
  "experiment": "2c",
  "seed": 1,
  "sweep_name": "condition_sweep_2c/tau_020_taur050",
  "sim_duration_s": 9.0,
  "load_time_s": 3.0,
  "load_joint": 1,
  "load_torque_nm": -25.0,
  "endpoint_joint": 1,
  "cpg_amplitude": 0.3,
  "cpg_tau": 0.2,
  "cpg_tau_r": 0.5,
  "conditions": {
    "CPG+CfC": {
      "ep_err_pre_mrad": 436.921348431934,
      "ep_err_post_mrad": 536.977475308355,
      "mae_post_mrad": 161.99014115139397,
      "recovery_time_s": 0.4759999999998388
    },
    "CPG+CfC+LIF_FB": {
      "ep_err_pre_mrad": 428.1718816196624,
      "ep_err_post_mrad": 550.6864508667602,
      "mae_post_mrad": 168.8968729755492,
      "recovery_time_s": 0.44799999999984186
    }
  }
}