{
  "experiment": "2d",
  "seed": 1,
  "conditions": {
    "PD": {
      "static_mae_mrad": 160.48975443035005,
      "peak_err_rad": 1.0109409266192446,
      "recovery_time_s": null
    },
    "PD+CfC": {
      "static_mae_mrad": 123.83586535576413,
      "peak_err_rad": 1.103944461441454,
      "recovery_time_s": 0.6759999999997071
    },
    "Full": {
      "static_mae_mrad": 124.4408332176135,
      "peak_err_rad": 1.0314645828669737,
      "recovery_time_s": 0.6139999999997139
    }
  }
}