{
  "experiment": "2c",
  "seed": 0,
  "sweep_name": "condition_sweep_2c/tau_035_taur050",
  "sim_duration_s": 9.0,
  "load_time_s": 3.0,
  "load_joint": 1,
  "load_torque_nm": -25.0,
  "endpoint_joint": 1,
  "cpg_amplitude": 0.3,
  "cpg_tau": 0.35,
  "cpg_tau_r": 0.5,
  "conditions": {
    "CPG+CfC": {
      "ep_err_pre_mrad": 137.7102487403101,
      "ep_err_post_mrad": 400.8972068315194,
      "mae_post_mrad": 109.27011287932262,
      "recovery_time_s": 1.4699999999997297
    },
    "CPG+CfC+LIF_FB": {
      "ep_err_pre_mrad": 110.07040321555701,
      "ep_err_post_mrad": 423.0874288793808,
      "mae_post_mrad": 109.37756108415162,
      "recovery_time_s": 1.4739999999997293
    }
  }
}