{
  "experiment": "2b",
  "seed": 5,
  "sweep_name": "condition_sweep_2b/timing_late",
  "disturbance_time_s": 4.0,
  "disturbance_joint": 1,
  "disturbance_levels": {
    "timing_late": {
      "PD+CfC": {
        "peak_err_rad": 0.35067862867213295,
        "mae_post_mrad": 125.55908310713268,
        "recovery_time_s": 0.1479999999997652
      },
      "Full": {
        "peak_err_rad": 0.41821336867432746,
        "mae_post_mrad": 126.38569897911984,
        "recovery_time_s": 0.04199999999977688
      }
    }
  }
}