{
  "block_maes_mrad": [
    185.93077662196316,
    210.43319785672566,
    210.46401786281976,
    210.47872232200322,
    210.49778926826684,
    210.5055592810037,
    210.49729740917812,
    210.52940988265902,
    210.52862549752393,
    210.5566627225256
  ],
  "final_MAE_post": 210.5566627225256,
  "initial_MAE": 185.93077662196316,
  "MAE_improvement": -0.13244652955169256,
  "io_fire_count": 23487,
  "io_fire_rate_hz": 391.45,
  "io_fire_interval_mean": 1.2772,
  "condition": "f4_error_gated",
  "io_mode": "error_gated",
  "io_firing_rate_hz": 1.0,
  "online_lr": 0.0005,
  "seed": 6
}