{
  "experiment": "e1",
  "seed": 6,
  "sweep_name": "default",
  "static": {
    "E1-A0": {
      "mae_mrad": 180.22203330181694,
      "pred_err_mean_mrad": null
    },
    "E1-MLP": {
      "mae_mrad": 71.52374013820527,
      "pred_err_mean_mrad": null
    },
    "E1-fwd": {
      "mae_mrad": 103.72136500753389,
      "pred_err_mean_mrad": 103.7510113083934
    },
    "E1-fwd-online": {
      "mae_mrad": 103.7091942385135,
      "pred_err_mean_mrad": 103.76773867885078
    }
  },
  "disturbance": {
    "E1-A0": {
      "peak_err_rad": 0.1244199545421727,
      "mae_post_mrad": 183.04273666539066,
      "recovery_time_s": 0.04399999999988635,
      "adapt_time_s": null
    },
    "E1-MLP": {
      "peak_err_rad": 0.18983416167009132,
      "mae_post_mrad": 80.21622835358657,
      "recovery_time_s": 0.04199999999988657,
      "adapt_time_s": null
    },
    "E1-fwd": {
      "peak_err_rad": 0.6124057210397571,
      "mae_post_mrad": 110.90194852998268,
      "recovery_time_s": null,
      "adapt_time_s": null
    },
    "E1-fwd-online": {
      "peak_err_rad": 0.6123771319463337,
      "mae_post_mrad": 110.88661987767017,
      "recovery_time_s": null,
      "adapt_time_s": null
    }
  },
  "training": {
    "n_epochs": 300,
    "n_traj": 500,
    "fwd_final_loss": 0.16518967652320862
  }
}