{
  "experiment": "e3",
  "seed": 7,
  "sweep_name": "sweep11",
  "ia_latency_ms": 20.0,
  "latency_ok": true,
  "results": {
    "D0": {
      "E3-PD": {
        "mae_mrad": 160.66851109722765,
        "peak_err_rad": 1.0192243083970443,
        "recovery_time_s": null,
        "mae_post_mrad": 750.6808204066315
      },
      "E3-cc": {
        "mae_mrad": 157.0813401368941,
        "peak_err_rad": 0.9961409867952502,
        "recovery_time_s": null,
        "mae_post_mrad": 738.7996562537929
      },
      "E3-ia_ib": {
        "mae_mrad": 159.13382677050942,
        "peak_err_rad": 0.9289590757026092,
        "recovery_time_s": null,
        "mae_post_mrad": 733.4027246626927
      },
      "E3-cc+ia_ib": {
        "mae_mrad": 155.99734892762132,
        "peak_err_rad": 0.9224071926622575,
        "recovery_time_s": null,
        "mae_post_mrad": 731.9839248852282
      }
    },
    "D1": {
      "E3-PD": {
        "mae_mrad": 255.4891057910249,
        "peak_err_rad": 1.848856001949866,
        "recovery_time_s": null,
        "mae_post_mrad": 1568.7570652426211
      },
      "E3-cc": {
        "mae_mrad": 248.31897704931373,
        "peak_err_rad": 1.8070276223482367,
        "recovery_time_s": null,
        "mae_post_mrad": 1539.7716688470898
      },
      "E3-ia_ib": {
        "mae_mrad": 243.41407348328124,
        "peak_err_rad": 1.7606342708334917,
        "recovery_time_s": null,
        "mae_post_mrad": 1554.7592838790927
      },
      "E3-cc+ia_ib": {
        "mae_mrad": 231.88129844823087,
        "peak_err_rad": 1.7431911455882547,
        "recovery_time_s": null,
        "mae_post_mrad": 1549.905756500497
      }
    },
    "D5": {
      "E3-PD": {
        "mae_mrad": 279.01793143700894,
        "peak_err_rad": 2.0709142236555937,
        "recovery_time_s": null,
        "mae_post_mrad": 2059.9717170674
      },
      "E3-cc": {
        "mae_mrad": 274.84725220417704,
        "peak_err_rad": 2.0692591708845205,
        "recovery_time_s": null,
        "mae_post_mrad": 2060.2958309652236
      },
      "E3-ia_ib": {
        "mae_mrad": 259.7087004823497,
        "peak_err_rad": 2.0922506194506765,
        "recovery_time_s": null,
        "mae_post_mrad": 2051.5994649570293
      },
      "E3-cc+ia_ib": {
        "mae_mrad": 257.9547386132214,
        "peak_err_rad": 2.0919929431890143,
        "recovery_time_s": null,
        "mae_post_mrad": 2054.306673838394
      }
    }
  }
}