{
  "experiment": "e2",
  "seed": 2,
  "sweep_name": "sweep11",
  "results": {
    "D0": {
      "E2-PD": {
        "mae_mrad": 160.67676813699322,
        "peak_err_rad": 1.019021653001429,
        "recovery_time_s": null,
        "mae_post_mrad": 750.949098063628
      },
      "E2-reflex": {
        "mae_mrad": 142.28399160735984,
        "peak_err_rad": 0.8705811447473191,
        "recovery_time_s": null,
        "mae_post_mrad": 606.8007732696794
      },
      "E2-cc": {
        "mae_mrad": 157.08839137329778,
        "peak_err_rad": 0.9956683950655019,
        "recovery_time_s": null,
        "mae_post_mrad": 739.0219177153544
      },
      "E2-cc+ref": {
        "mae_mrad": 138.69291679176158,
        "peak_err_rad": 0.8490499027005938,
        "recovery_time_s": null,
        "mae_post_mrad": 596.150179525235
      }
    },
    "D1": {
      "E2-PD": {
        "mae_mrad": 255.5065819392809,
        "peak_err_rad": 1.850863336597637,
        "recovery_time_s": null,
        "mae_post_mrad": 1569.183946027744
      },
      "E2-reflex": {
        "mae_mrad": 246.3698014589679,
        "peak_err_rad": 1.791938723312604,
        "recovery_time_s": null,
        "mae_post_mrad": 1507.1736895548556
      },
      "E2-cc": {
        "mae_mrad": 248.32458447776395,
        "peak_err_rad": 1.8106159307794942,
        "recovery_time_s": null,
        "mae_post_mrad": 1540.0352725019764
      },
      "E2-cc+ref": {
        "mae_mrad": 239.0969742972573,
        "peak_err_rad": 1.7501765899249633,
        "recovery_time_s": null,
        "mae_post_mrad": 1477.290550684274
      }
    },
    "D5": {
      "E2-PD": {
        "mae_mrad": 279.0153964841161,
        "peak_err_rad": 2.0711878346247543,
        "recovery_time_s": null,
        "mae_post_mrad": 2059.686498910419
      },
      "E2-reflex": {
        "mae_mrad": 277.1627459866947,
        "peak_err_rad": 2.0704641305751026,
        "recovery_time_s": null,
        "mae_post_mrad": 2059.8008554660837
      },
      "E2-cc": {
        "mae_mrad": 274.8382851308992,
        "peak_err_rad": 2.0696968264092623,
        "recovery_time_s": null,
        "mae_post_mrad": 2060.1328459429014
      },
      "E2-cc+ref": {
        "mae_mrad": 273.0299282236023,
        "peak_err_rad": 2.0693304194410573,
        "recovery_time_s": null,
        "mae_post_mrad": 2060.797257040917
      }
    }
  }
}