{
  "experiment": "2c",
  "seed": 4,
  "sweep_name": "condition_sweep_2c/tau_035_taur060",
  "sim_duration_s": 9.0,
  "load_time_s": 3.0,
  "load_joint": 1,
  "load_torque_nm": -25.0,
  "endpoint_joint": 1,
  "cpg_amplitude": 0.3,
  "cpg_tau": 0.35,
  "cpg_tau_r": 0.6,
  "conditions": {
    "CPG+CfC": {
      "ep_err_pre_mrad": 196.51534260244264,
      "ep_err_post_mrad": 262.3564380579029,
      "mae_post_mrad": 105.61005790298721,
      "recovery_time_s": 1.9359999999996784
    },
    "CPG+CfC+LIF_FB": {
      "ep_err_pre_mrad": 257.95247773342965,
      "ep_err_post_mrad": 282.19273732091847,
      "mae_post_mrad": 105.64474471084642,
      "recovery_time_s": 1.967999999999675
    }
  }
}