{
  "experiment": "2b",
  "seed": 4,
  "sweep_name": "condition_sweep_2b/timing_early",
  "disturbance_time_s": 2.0,
  "disturbance_joint": 1,
  "disturbance_levels": {
    "timing_early": {
      "PD+CfC": {
        "peak_err_rad": 0.6303972834729498,
        "mae_post_mrad": 100.39034502781294,
        "recovery_time_s": 0.5799999999999375
      },
      "Full": {
        "peak_err_rad": 0.5677143898778816,
        "mae_post_mrad": 92.3490268590371,
        "recovery_time_s": 0.4859999999999478
      }
    }
  }
}