{
  "experiment": "2b",
  "seed": 2,
  "sweep_name": "condition_sweep_2b/torque_75",
  "disturbance_time_s": 3.0,
  "disturbance_joint": 1,
  "disturbance_levels": {
    "torque_75": {
      "PD+CfC": {
        "peak_err_rad": 0.3167108367253589,
        "mae_post_mrad": 106.23063706239883,
        "recovery_time_s": 1.5019999999997262
      },
      "Full": {
        "peak_err_rad": 0.3125836858072982,
        "mae_post_mrad": 100.2855483434589,
        "recovery_time_s": 0.04199999999988657
      }
    }
  }
}