{
  "experiment": "2a",
  "seed": 2,
  "conditions": {
    "PD": {
      "static_mae_mrad": 158.41640843640147
    },
    "PD+CfC": {
      "static_mae_mrad": 124.75474500994946
    },
    "Full": {
      "static_mae_mrad": 118.2580024658534
    }
  }
}