{
  "experiment": "2c",
  "seed": 2,
  "sweep_name": "condition_sweep_2c/tau_025",
  "sim_duration_s": 9.0,
  "load_time_s": 3.0,
  "load_joint": 1,
  "load_torque_nm": -25.0,
  "endpoint_joint": 1,
  "cpg_amplitude": 0.3,
  "cpg_tau": 0.25,
  "conditions": {
    "CPG+CfC": {
      "ep_err_pre_mrad": 165.3079352679395,
      "ep_err_post_mrad": 304.49864076122867,
      "mae_post_mrad": 122.20735652803012,
      "recovery_time_s": 2.721999999999592
    },
    "CPG+CfC+LIF_FB": {
      "ep_err_pre_mrad": 181.6654950320768,
      "ep_err_post_mrad": 286.2131999387131,
      "mae_post_mrad": 118.43781095096867,
      "recovery_time_s": 2.7419999999995897
    }
  }
}