{
  "experiment": "e3",
  "seed": 8,
  "sweep_name": "sweep11",
  "ia_latency_ms": 20.0,
  "latency_ok": true,
  "results": {
    "D0": {
      "E3-PD": {
        "mae_mrad": 160.68026787627625,
        "peak_err_rad": 1.0195787591334247,
        "recovery_time_s": null,
        "mae_post_mrad": 751.1352769513139
      },
      "E3-cc": {
        "mae_mrad": 157.083445154807,
        "peak_err_rad": 0.9963574168607898,
        "recovery_time_s": null,
        "mae_post_mrad": 739.0971315606643
      },
      "E3-ia_ib": {
        "mae_mrad": 159.36535136788928,
        "peak_err_rad": 0.9333951722556442,
        "recovery_time_s": null,
        "mae_post_mrad": 734.0168076731773
      },
      "E3-cc+ia_ib": {
        "mae_mrad": 156.02052398434483,
        "peak_err_rad": 0.9257634880222907,
        "recovery_time_s": null,
        "mae_post_mrad": 732.3475753026278
      }
    },
    "D1": {
      "E3-PD": {
        "mae_mrad": 255.47261156269684,
        "peak_err_rad": 1.8408516704713356,
        "recovery_time_s": null,
        "mae_post_mrad": 1567.762048486302
      },
      "E3-cc": {
        "mae_mrad": 248.33879538257708,
        "peak_err_rad": 1.7996600759612902,
        "recovery_time_s": null,
        "mae_post_mrad": 1539.3186184464469
      },
      "E3-ia_ib": {
        "mae_mrad": 243.1038543759687,
        "peak_err_rad": 1.7517788736039253,
        "recovery_time_s": null,
        "mae_post_mrad": 1553.2181714941735
      },
      "E3-cc+ia_ib": {
        "mae_mrad": 231.9041836752884,
        "peak_err_rad": 1.74259197934615,
        "recovery_time_s": null,
        "mae_post_mrad": 1549.4353879568955
      }
    },
    "D5": {
      "E3-PD": {
        "mae_mrad": 279.05297770836876,
        "peak_err_rad": 2.071937113841814,
        "recovery_time_s": null,
        "mae_post_mrad": 2060.2347867538847
      },
      "E3-cc": {
        "mae_mrad": 274.87707399757136,
        "peak_err_rad": 2.071700079805943,
        "recovery_time_s": null,
        "mae_post_mrad": 2060.605714519385
      },
      "E3-ia_ib": {
        "mae_mrad": 262.5274795888812,
        "peak_err_rad": 2.0953632336832997,
        "recovery_time_s": null,
        "mae_post_mrad": 2053.728378093836
      },
      "E3-cc+ia_ib": {
        "mae_mrad": 257.94572007268084,
        "peak_err_rad": 2.097130050900533,
        "recovery_time_s": null,
        "mae_post_mrad": 2054.7729112221646
      }
    }
  }
}