{
  "block_maes_mrad": [
    185.85934971795808,
    210.52989738170288,
    210.5122801527408,
    210.53555558669032,
    210.5254093719356,
    210.5148715147759,
    210.43900228685123,
    210.42144339508044,
    210.39759902500882,
    210.36436790493838
  ],
  "final_MAE_post": 210.36436790493838,
  "initial_MAE": 185.85934971795808,
  "MAE_improvement": -0.13184711032312801,
  "io_fire_count": 30000,
  "io_fire_rate_hz": 500.0,
  "io_fire_interval_mean": 1.0,
  "condition": "f4_continuous",
  "io_mode": "continuous",
  "io_firing_rate_hz": 500.0,
  "online_lr": 0.0005,
  "seed": 0
}