{
  "experiment": "2c",
  "seed": 1,
  "sweep_name": "condition_sweep_2c/tau_020",
  "sim_duration_s": 9.0,
  "load_time_s": 3.0,
  "load_joint": 1,
  "load_torque_nm": -25.0,
  "endpoint_joint": 1,
  "cpg_amplitude": 0.3,
  "cpg_tau": 0.2,
  "conditions": {
    "CPG+CfC": {
      "ep_err_pre_mrad": 411.2183956705438,
      "ep_err_post_mrad": 704.9894845281399,
      "mae_post_mrad": 163.90115139682422,
      "recovery_time_s": 1.5779999999997179
    },
    "CPG+CfC+LIF_FB": {
      "ep_err_pre_mrad": 422.2599191428121,
      "ep_err_post_mrad": 686.2551174736674,
      "mae_post_mrad": 165.21584746787437,
      "recovery_time_s": 0.07799999999988261
    }
  }
}