{
  "experiment": "2b",
  "seed": 4,
  "sweep_name": "condition_sweep_2b/timing_late",
  "disturbance_time_s": 4.0,
  "disturbance_joint": 1,
  "disturbance_levels": {
    "timing_late": {
      "PD+CfC": {
        "peak_err_rad": 0.4022643848130627,
        "mae_post_mrad": 92.00609841510287,
        "recovery_time_s": 0.6259999999997126
      },
      "Full": {
        "peak_err_rad": 0.3639352990953252,
        "mae_post_mrad": 86.94209250347825,
        "recovery_time_s": 0.04199999999977688
      }
    }
  }
}