{
  "experiment": "2b",
  "seed": 6,
  "sweep_name": "condition_sweep_2b/timing_late",
  "disturbance_time_s": 4.0,
  "disturbance_joint": 1,
  "disturbance_levels": {
    "timing_late": {
      "PD+CfC": {
        "peak_err_rad": 0.12265074725675851,
        "mae_post_mrad": 177.12637533220195,
        "recovery_time_s": 0.04199999999977688
      },
      "Full": {
        "peak_err_rad": 0.13175135353307504,
        "mae_post_mrad": 149.7247282172578,
        "recovery_time_s": 0.04199999999977688
      }
    }
  }
}