{
  "block_maes_mrad": [
    186.81586422387548,
    210.66051135359768,
    210.50372388384494,
    210.48396593305176,
    210.5139468955859,
    210.51891313795795,
    210.52251280460985,
    210.51205243041693,
    210.54723031312952,
    210.53669560643468
  ],
  "final_MAE_post": 210.53669560643468,
  "initial_MAE": 186.81586422387548,
  "MAE_improvement": -0.12697439524732101,
  "io_fire_count": 30000,
  "io_fire_rate_hz": 500.0,
  "io_fire_interval_mean": 1.0,
  "condition": "f4_continuous",
  "io_mode": "continuous",
  "io_firing_rate_hz": 500.0,
  "online_lr": 0.0005,
  "seed": 5
}