{
  "experiment": "2c",
  "seed": 5,
  "sweep_name": "condition_sweep_2c/amp025_load20",
  "sim_duration_s": 9.0,
  "load_time_s": 3.0,
  "load_joint": 1,
  "load_torque_nm": -20.0,
  "endpoint_joint": 1,
  "cpg_amplitude": 0.25,
  "conditions": {
    "CPG+CfC": {
      "ep_err_pre_mrad": 235.6330306437271,
      "ep_err_post_mrad": 286.9449229495246,
      "mae_post_mrad": 126.60380127657739,
      "recovery_time_s": 0.4639999999998401
    },
    "CPG+CfC+LIF_FB": {
      "ep_err_pre_mrad": 283.2857651933654,
      "ep_err_post_mrad": 262.23923303893673,
      "mae_post_mrad": 125.52687072325111,
      "recovery_time_s": 0.48999999999983723
    }
  }
}