{
  "experiment": "e4",
  "seed": 7,
  "sweep_name": "sweep11",
  "hold_results": {
    "D0": {
      "E4-PD": {
        "mae_mrad": 160.66851109722765,
        "peak_err_rad": 1.0192243083970443,
        "recovery_time_s": null,
        "mae_post_mrad": 750.6808204066315
      },
      "E4-E3": {
        "mae_mrad": 155.99734892762132,
        "peak_err_rad": 0.9224071926622575,
        "recovery_time_s": null,
        "mae_post_mrad": 731.9839248852282
      },
      "E4-MCA": {
        "mae_mrad": 156.08186028732888,
        "peak_err_rad": 0.9830523351711071,
        "recovery_time_s": null,
        "mae_post_mrad": 726.424795419866
      },
      "E4-full": {
        "mae_mrad": 161.64314823175755,
        "peak_err_rad": 0.910564707307044,
        "recovery_time_s": null,
        "mae_post_mrad": 664.9831545051231
      }
    },
    "D1": {
      "E4-PD": {
        "mae_mrad": 255.4891057910249,
        "peak_err_rad": 1.848856001949866,
        "recovery_time_s": null,
        "mae_post_mrad": 1568.7570652426211
      },
      "E4-E3": {
        "mae_mrad": 231.88129844823087,
        "peak_err_rad": 1.7431911455882547,
        "recovery_time_s": null,
        "mae_post_mrad": 1549.905756500497
      },
      "E4-MCA": {
        "mae_mrad": 246.59272349581562,
        "peak_err_rad": 1.7864520743536327,
        "recovery_time_s": null,
        "mae_post_mrad": 1517.0271490374175
      },
      "E4-full": {
        "mae_mrad": 224.5826901737876,
        "peak_err_rad": 1.7070899944124522,
        "recovery_time_s": null,
        "mae_post_mrad": 1464.7574653904423
      }
    },
    "D5": {
      "E4-PD": {
        "mae_mrad": 279.01793143700894,
        "peak_err_rad": 2.0709142236555937,
        "recovery_time_s": null,
        "mae_post_mrad": 2059.9717170674
      },
      "E4-E3": {
        "mae_mrad": 257.9547386132214,
        "peak_err_rad": 2.0919929431890143,
        "recovery_time_s": null,
        "mae_post_mrad": 2054.306673838394
      },
      "E4-MCA": {
        "mae_mrad": 275.7406971110222,
        "peak_err_rad": 2.0700876495599356,
        "recovery_time_s": null,
        "mae_post_mrad": 2059.9156851497587
      },
      "E4-full": {
        "mae_mrad": 262.34483629157296,
        "peak_err_rad": 2.0878024591187847,
        "recovery_time_s": null,
        "mae_post_mrad": 2061.312968665471
      }
    }
  },
  "switch_results": {
    "E4-PD-switch": {
      "hold_mae_mrad": 158.65495556698866,
      "oscillate_mae_mrad": 166.98130313564323,
      "transition_jerk": 17581460804996.629,
      "jerk_3s": 8731780268157.606,
      "jerk_6s": 8849680536839.023
    },
    "E4-MCA-switch": {
      "hold_mae_mrad": 155.53357172842578,
      "oscillate_mae_mrad": 168.72705469841577,
      "transition_jerk": 17581751710556.707,
      "jerk_3s": 8731806606729.307,
      "jerk_6s": 8849945103827.4
    }
  }
}