{
  "experiment": "e2",
  "seed": 42,
  "sweep_name": "test4",
  "results": {
    "D0": {
      "E2-PD": {
        "mae_mrad": 160.6705662734533,
        "peak_err_rad": 1.0197570370879143,
        "recovery_time_s": null,
        "mae_post_mrad": 0.7509756135771002
      },
      "E2-reflex": {
        "mae_mrad": 142.3955565443833,
        "peak_err_rad": 0.8692826581487128,
        "recovery_time_s": null,
        "mae_post_mrad": 0.6065030911957926
      },
      "E2-cc": {
        "mae_mrad": 157.0868374234994,
        "peak_err_rad": 0.9967993704865501,
        "recovery_time_s": null,
        "mae_post_mrad": 0.7390910803900271
      },
      "E2-cc+ref": {
        "mae_mrad": 138.74740957391668,
        "peak_err_rad": 0.847348661505543,
        "recovery_time_s": null,
        "mae_post_mrad": 0.596330578247058
      }
    },
    "D1": {
      "E2-PD": {
        "mae_mrad": 255.47260654801312,
        "peak_err_rad": 1.8448044818695706,
        "recovery_time_s": null,
        "mae_post_mrad": 1.568121252176116
      },
      "E2-reflex": {
        "mae_mrad": 246.32898503101822,
        "peak_err_rad": 1.786603556210287,
        "recovery_time_s": null,
        "mae_post_mrad": 1.5060793999994537
      },
      "E2-cc": {
        "mae_mrad": 248.32201596453774,
        "peak_err_rad": 1.8032185518555963,
        "recovery_time_s": null,
        "mae_post_mrad": 1.5394019153768144
      },
      "E2-cc+ref": {
        "mae_mrad": 239.0834626349076,
        "peak_err_rad": 1.7440473135908452,
        "recovery_time_s": null,
        "mae_post_mrad": 1.4766515247742515
      }
    },
    "D5": {
      "E2-PD": {
        "mae_mrad": 279.01308716164243,
        "peak_err_rad": 2.071197226064102,
        "recovery_time_s": null,
        "mae_post_mrad": 2.0599905836249617
      },
      "E2-reflex": {
        "mae_mrad": 277.19516345818494,
        "peak_err_rad": 2.0704297193020684,
        "recovery_time_s": null,
        "mae_post_mrad": 2.06008036821536
      },
      "E2-cc": {
        "mae_mrad": 274.8320550264081,
        "peak_err_rad": 2.0696166024537943,
        "recovery_time_s": null,
        "mae_post_mrad": 2.06035277052089
      },
      "E2-cc+ref": {
        "mae_mrad": 273.0329485168591,
        "peak_err_rad": 2.0691565708371162,
        "recovery_time_s": null,
        "mae_post_mrad": 2.060460044209392
      }
    }
  }
}