{
  "experiment": "2b",
  "seed": 2,
  "disturbance_levels": {
    "light_30Nm": {
      "PD+CfC": {
        "peak_err_rad": 0.3619732097274239,
        "mae_post_mrad": 108.27294444421078,
        "recovery_time_s": 0.021999999999888775
      },
      "Full": {
        "peak_err_rad": 0.3053007790933042,
        "mae_post_mrad": 121.31855048440771,
        "recovery_time_s": 0.021999999999888775
      }
    },
    "medium_60Nm": {
      "PD+CfC": {
        "peak_err_rad": 0.3164439591554657,
        "mae_post_mrad": 106.80555020798221,
        "recovery_time_s": 1.493999999999727
      },
      "Full": {
        "peak_err_rad": 0.29474240572642474,
        "mae_post_mrad": 98.8174041705757,
        "recovery_time_s": 0.04199999999988657
      }
    },
    "heavy_87Nm": {
      "PD+CfC": {
        "peak_err_rad": 0.45757157749680366,
        "mae_post_mrad": 120.88985596899353,
        "recovery_time_s": 1.2059999999997588
      },
      "Full": {
        "peak_err_rad": 0.31310860265571455,
        "mae_post_mrad": 108.57062563086188,
        "recovery_time_s": 1.5899999999997165
      }
    }
  }
}