{
  "experiment": "e5",
  "seed": 7,
  "sweep_name": "sweep11",
  "results": {
    "D0": {
      "E5-PD": {
        "mae_mrad": 160.66851109722765,
        "mae_post_mrad": 750.6808204066315,
        "peak_err_rad": 1.0192243083970443,
        "recovery_time_s": null,
        "energy_J": 9344.28563918082,
        "energy_post_J": 5095.428553686938,
        "jerk": 54270940607067.22,
        "jerk_post": 25693630426946.91,
        "cc_ratio": 0.0
      },
      "E5-E3": {
        "mae_mrad": 155.99734892762132,
        "mae_post_mrad": 731.9839248852282,
        "peak_err_rad": 0.9224071926622575,
        "recovery_time_s": null,
        "energy_J": 9393.768121042649,
        "energy_post_J": 5499.16740305825,
        "jerk": 54286858022059.32,
        "jerk_post": 25695038754452.242,
        "cc_ratio": 0.3617167631419812
      },
      "E5-MCA": {
        "mae_mrad": 156.08186028732888,
        "mae_post_mrad": 726.424795419866,
        "peak_err_rad": 0.9830523351711071,
        "recovery_time_s": null,
        "energy_J": 9246.626478561446,
        "energy_post_J": 5062.378693559461,
        "jerk": 54274530181199.586,
        "jerk_post": 25694380099324.473,
        "cc_ratio": 0.3370650910811719
      },
      "E5-full": {
        "mae_mrad": 161.64314823175755,
        "mae_post_mrad": 664.9831545051231,
        "peak_err_rad": 0.910564707307044,
        "recovery_time_s": null,
        "energy_J": 8712.108194113682,
        "energy_post_J": 4995.376430215812,
        "jerk": 54320667181025.28,
        "jerk_post": 25702643870016.125,
        "cc_ratio": 0.45378650077250515
      }
    },
    "D1": {
      "E5-PD": {
        "mae_mrad": 255.4891057910249,
        "mae_post_mrad": 1568.7570652426211,
        "peak_err_rad": 1.848856001949866,
        "recovery_time_s": null,
        "energy_J": 8705.828825170529,
        "energy_post_J": 4714.652428135862,
        "jerk": 55524182082856.69,
        "jerk_post": 25657470385506.914,
        "cc_ratio": 0.0
      },
      "E5-E3": {
        "mae_mrad": 231.88129844823087,
        "mae_post_mrad": 1549.905756500497,
        "peak_err_rad": 1.7431911455882547,
        "recovery_time_s": null,
        "energy_J": 9004.605811962154,
        "energy_post_J": 5310.927338213557,
        "jerk": 55939232523916.17,
        "jerk_post": 25727536070935.645,
        "cc_ratio": 0.40847475470564437
      },
      "E5-MCA": {
        "mae_mrad": 246.59272349581562,
        "mae_post_mrad": 1517.0271490374175,
        "peak_err_rad": 1.7864520743536327,
        "recovery_time_s": null,
        "energy_J": 8946.601793511556,
        "energy_post_J": 4877.8386876748455,
        "jerk": 55531874780078.91,
        "jerk_post": 25659272673990.906,
        "cc_ratio": 0.3889069319514999
      },
      "E5-full": {
        "mae_mrad": 224.5826901737876,
        "mae_post_mrad": 1464.7574653904423,
        "peak_err_rad": 1.7070899944124522,
        "recovery_time_s": null,
        "energy_J": 9335.152085179341,
        "energy_post_J": 5553.980253959293,
        "jerk": 55914756246902.19,
        "jerk_post": 25724417154487.023,
        "cc_ratio": 0.5054474433289639
      }
    },
    "D5": {
      "E5-PD": {
        "mae_mrad": 279.01793143700894,
        "mae_post_mrad": 2059.9717170674,
        "peak_err_rad": 2.0709142236555937,
        "recovery_time_s": null,
        "energy_J": 39369.05709348767,
        "energy_post_J": 22414.669517705486,
        "jerk": 51465986447581.12,
        "jerk_post": 25438968406542.527,
        "cc_ratio": 0.0
      },
      "E5-E3": {
        "mae_mrad": 257.9547386132214,
        "mae_post_mrad": 2054.306673838394,
        "peak_err_rad": 2.0919929431890143,
        "recovery_time_s": null,
        "energy_J": 37492.55223366732,
        "energy_post_J": 22781.19805020263,
        "jerk": 56414589860339.414,
        "jerk_post": 26148207928905.04,
        "cc_ratio": 0.30711375104270644
      },
      "E5-MCA": {
        "mae_mrad": 275.7406971110222,
        "mae_post_mrad": 2059.9156851497587,
        "peak_err_rad": 2.0700876495599356,
        "recovery_time_s": null,
        "energy_J": 39263.244723922115,
        "energy_post_J": 22414.671040799112,
        "jerk": 51442436105290.82,
        "jerk_post": 25436238645380.266,
        "cc_ratio": 0.24975447080423407
      },
      "E5-full": {
        "mae_mrad": 262.34483629157296,
        "mae_post_mrad": 2061.312968665471,
        "peak_err_rad": 2.0878024591187847,
        "recovery_time_s": null,
        "energy_J": 37238.83897239722,
        "energy_post_J": 22868.502937910038,
        "jerk": 55002199790297.64,
        "jerk_post": 25944055843254.0,
        "cc_ratio": 0.3872896483968998
      }
    }
  }
}