{
  "experiment": "2b",
  "seed": 1,
  "sweep_name": "condition_sweep_2b/timing_late",
  "disturbance_time_s": 4.0,
  "disturbance_joint": 1,
  "disturbance_levels": {
    "timing_late": {
      "PD+CfC": {
        "peak_err_rad": 1.1039438676592506,
        "mae_post_mrad": 150.48552513577152,
        "recovery_time_s": 0.6759999999997071
      },
      "Full": {
        "peak_err_rad": 1.0314318491775352,
        "mae_post_mrad": 137.35892006860684,
        "recovery_time_s": 0.6199999999997132
      }
    }
  }
}