{"0": [[-0.2153715557444679, 0.03815669432894864, 0.6840507358328615], [-0.12706340943749098, -0.32557465018264536, 1.0148274953457654]], "1": [[-0.2153715557444679, 0.03815669432894864, 0.6840507358328615], [-0.17086243135491014, -0.08733770628592263, 1.1025356708116887]], "5": [[-0.2153715557444679, 0.03815669432894864, 0.6840507358328615], [-0.06824897668911695, -0.1372207235922272, 1.4180267268858207]], "6": [[-0.2153715557444679, 0.03815669432894864, 0.6840507358328615], [-0.16164247698481987, -0.2998551955653315, 1.2937071538260716]], "8": [[-0.2153715557444679, 0.03815669432894864, 0.6840507358328615], [-0.23555970318805375, -0.07445310483172607, 1.2509042127126893]], "12": [[-0.2153715557444679, 0.03815669432894864, 0.6840507358328615], [-0.26221143966204385, -0.08863646999920138, 1.1409223268587971]], "15": [[-0.2153715557444679, 0.03815669432894864, 0.6840507358328615], [-0.10753982121219668, -0.13446401103237987, 1.2727457441239283]], "16": [[-0.2153715557444679, 0.03815669432894864, 0.6840507358328615], [-0.15157910639222222, -0.26923954907843506, 1.0599627516422958]], "18": [[-0.2153715557444679, 0.03815669432894864, 0.6840507358328615], [-0.2102429807738495, -0.16890486224912438, 1.2186998288306028]], "19": [[-0.2153715557444679, 0.03815669432894864, 0.6840507358328615], [-0.2028674214947587, -0.09594572931415374, 1.2127894897135398]], "20": [[-0.2153715557444679, 0.03815669432894864, 0.6840507358328615], [-0.2519734130794442, -0.2585986515689702, 1.0834617386899756]], "22": [[-0.2153715557444679, 0.03815669432894864, 0.6840507358328615], [-0.22177857959877334, -0.35024661721872097, 1.055274617272087]], "23": [[-0.2153715557444679, 0.03815669432894864, 0.6840507358328615], [-0.10712342176992251, -0.1954896226926193, 1.0893475906699908]], "24": [[-0.2153715557444679, 0.03815669432894864, 0.6840507358328615], [-0.2344059071657396, -0.27818793952629967, 1.4685271464281133]], "25": [[-0.2153715557444679, 0.03815669432894864, 0.6840507358328615], [-0.29374756836879723, -0.4198907876901487, 1.1641086947933945]], "26": [[-0.2153715557444679, 0.03815669432894864, 0.6840507358328615], [-0.17794037883828343, -0.3379601666182292, 1.037466594463477]], "27": [[-0.2153715557444679, 0.03815669432894864, 0.6840507358328615], [-0.10579232423312515, -0.3101650047221489, 1.0830175340323833]], "29": [[-0.2153715557444679, 0.03815669432894864, 0.6840507358328615], [-0.33248356037607585, -0.24278719549999273, 1.421348925185255]], "30": [[-0.2153715557444679, 0.03815669432894864, 0.6840507358328615], [-0.2674704183156135, -0.26981255046696606, 1.0584320640702982]], "32": [[-0.2153715557444679, 0.03815669432894864, 0.6840507358328615], [-0.2939150093688312, -0.21971967658477065, 1.3005652208672496]]}